customer,month,art_book,gender,married,purchased
1,24,0,FEMALE,YES,0
2,16,0,FEMALE,YES,0
3,15,0,FEMALE,YES,0
4,22,0,FEMALE,NO,0
5,15,0,FEMALE,YES,1
6,6,2,MALE,YES,0
7,11,0,MALE,YES,0
8,11,1,FEMALE,YES,0
9,26,2,MALE,YES,0
10,14,1,MALE,NO,0
11,15,0,FEMALE,YES,0
12,10,1,FEMALE,YES,0
13,12,0,FEMALE,NO,0
14,30,0,MALE,NO,0
15,34,1,FEMALE,YES,0
16,33,0,FEMALE,YES,0
17,10,0,MALE,YES,0
18,9,0,MALE,YES,0
19,1,0,MALE,NO,0
20,19,1,MALE,NO,0
21,6,1,MALE,YES,1
22,28,1,FEMALE,YES,0
23,31,0,FEMALE,YES,0
24,16,1,MALE,NO,0
25,15,0,MALE,YES,0
26,15,0,FEMALE,YES,0
27,16,1,MALE,YES,0
28,13,1,FEMALE,YES,0
29,3,0,FEMALE,YES,0
30,6,0,FEMALE,NO,0
31,5,0,FEMALE,NO,0
32,21,1,FEMALE,YES,0
33,14,1,MALE,NO,0
34,12,0,FEMALE,YES,0
35,3,0,MALE,YES,0
36,16,1,MALE,NO,0
37,13,0,FEMALE,YES,0
38,15,1,FEMALE,YES,1
39,9,0,MALE,YES,0
40,27,1,FEMALE,NO,0
41,2,0,FEMALE,NO,0
42,14,0,MALE,NO,0
43,12,0,FEMALE,YES,0
44,1,0,FEMALE,NO,0
45,13,1,FEMALE,YES,0
46,10,1,FEMALE,YES,1
47,4,1,FEMALE,NO,0
48,16,0,FEMALE,YES,0
49,13,1,MALE,NO,0
50,16,0,FEMALE,YES,0
51,14,0,FEMALE,NO,0
52,5,0,FEMALE,YES,1
53,9,0,FEMALE,YES,0
54,16,0,MALE,NO,0
55,23,1,FEMALE,YES,0
56,13,0,FEMALE,NO,0
57,9,0,FEMALE,NO,0
58,10,1,FEMALE,NO,0
59,29,0,MALE,YES,0
60,12,0,FEMALE,YES,0
61,32,0,MALE,YES,0
62,3,0,FEMALE,YES,0
63,14,0,FEMALE,YES,0
64,12,0,FEMALE,YES,0
65,29,0,MALE,YES,0
66,14,0,FEMALE,YES,0
67,6,1,MALE,NO,0
68,7,0,MALE,YES,0
69,13,1,FEMALE,YES,0
70,14,0,FEMALE,YES,0
71,28,1,FEMALE,YES,0
72,4,0,FEMALE,YES,0
73,4,0,FEMALE,YES,0
74,9,0,FEMALE,YES,0
75,1,0,FEMALE,YES,0
76,10,1,MALE,NO,0
77,3,0,FEMALE,YES,1
78,3,0,MALE,YES,0
79,1,0,FEMALE,YES,0
80,27,0,MALE,NO,0
81,9,0,MALE,YES,0
82,1,0,FEMALE,YES,0
83,5,1,FEMALE,NO,0
84,12,0,FEMALE,NO,0
85,13,0,FEMALE,YES,0
86,12,0,FEMALE,YES,0
87,7,1,MALE,NO,0
88,12,0,FEMALE,NO,0
89,14,1,MALE,YES,0
90,16,0,FEMALE,YES,0
91,3,0,FEMALE,NO,0
92,19,0,MALE,YES,0
93,15,0,FEMALE,YES,0
94,4,0,MALE,NO,0
95,4,0,FEMALE,YES,0
96,9,1,FEMALE,YES,0
97,13,2,FEMALE,YES,1
98,14,0,FEMALE,YES,0
99,14,0,FEMALE,YES,0
100,14,0,FEMALE,YES,0
101,16,0,FEMALE,NO,0
102,12,2,FEMALE,YES,0
103,10,1,MALE,NO,0
104,6,1,FEMALE,NO,0
105,11,0,MALE,YES,0
106,13,0,MALE,NO,0
107,10,1,FEMALE,YES,0
108,8,0,FEMALE,YES,0
109,6,0,FEMALE,YES,0
110,34,1,FEMALE,YES,0
111,11,0,FEMALE,YES,0
112,1,0,FEMALE,YES,0
113,10,1,MALE,YES,0
114,21,0,MALE,NO,0
115,10,0,FEMALE,YES,0
116,12,0,MALE,YES,0
117,14,0,FEMALE,NO,0
118,2,1,FEMALE,NO,0
119,2,0,FEMALE,YES,0
120,16,1,FEMALE,NO,1
121,14,1,FEMALE,YES,0
122,16,0,FEMALE,YES,0
123,9,0,MALE,YES,0
124,10,0,MALE,YES,0
125,10,0,FEMALE,YES,0
126,12,0,MALE,YES,0
127,5,3,FEMALE,YES,1
128,22,0,MALE,YES,0
129,7,0,MALE,YES,0
130,15,1,FEMALE,YES,0
131,10,1,FEMALE,YES,0
132,3,1,MALE,YES,0
133,3,0,FEMALE,YES,0
134,14,1,FEMALE,YES,0
135,12,0,FEMALE,YES,0
136,11,0,FEMALE,NO,0
137,1,0,FEMALE,YES,0
138,5,0,FEMALE,YES,0
139,15,1,FEMALE,NO,0
140,3,1,FEMALE,NO,0
141,35,0,MALE,NO,0
142,20,0,FEMALE,YES,0
143,31,0,MALE,NO,0
144,9,0,FEMALE,YES,0
145,18,0,FEMALE,YES,0
146,13,0,FEMALE,NO,0
147,10,0,MALE,NO,0
148,2,1,FEMALE,YES,1
149,13,0,FEMALE,YES,0
150,15,0,FEMALE,YES,0
151,14,0,FEMALE,NO,0
152,16,0,FEMALE,YES,0
153,19,0,MALE,NO,0
154,15,0,MALE,NO,0
155,10,0,FEMALE,YES,0
156,16,1,FEMALE,YES,0
157,23,0,FEMALE,NO,0
158,9,0,FEMALE,YES,0
159,6,0,FEMALE,NO,0
160,2,1,FEMALE,YES,1
161,9,0,FEMALE,YES,0
162,1,0,FEMALE,NO,0
163,6,0,FEMALE,YES,0
164,17,1,FEMALE,NO,0
165,25,0,FEMALE,YES,0
166,9,0,MALE,YES,0
167,4,1,FEMALE,YES,0
168,8,2,FEMALE,YES,1
169,2,0,FEMALE,NO,0
170,24,2,FEMALE,YES,0
171,10,0,FEMALE,YES,0
172,12,2,FEMALE,NO,1
173,33,2,MALE,YES,0
174,13,1,FEMALE,YES,0
175,11,0,FEMALE,YES,0
176,8,2,FEMALE,YES,1
177,2,0,FEMALE,YES,0
178,1,0,FEMALE,YES,0
179,10,0,FEMALE,YES,0
180,12,0,MALE,YES,0
181,11,0,FEMALE,YES,0
182,11,0,FEMALE,YES,0
183,12,0,FEMALE,NO,0
184,9,1,FEMALE,YES,0
185,10,2,MALE,NO,0
186,12,0,MALE,NO,0
187,9,0,FEMALE,YES,0
188,11,2,FEMALE,YES,1
189,2,0,MALE,NO,0
190,17,0,FEMALE,YES,0
191,12,1,FEMALE,NO,0
192,14,0,FEMALE,NO,0
193,10,2,FEMALE,YES,0
194,1,0,MALE,YES,0
195,14,0,FEMALE,YES,0
196,27,0,FEMALE,NO,0
197,34,0,FEMALE,YES,0
198,21,1,FEMALE,YES,1
199,9,0,MALE,YES,0
200,2,0,FEMALE,YES,1
201,8,0,FEMALE,YES,0
202,3,0,FEMALE,YES,0
203,9,0,FEMALE,NO,0
204,14,2,FEMALE,YES,0
205,33,0,MALE,NO,0
206,12,1,MALE,YES,0
207,15,1,FEMALE,YES,0
208,12,0,MALE,YES,0
209,10,1,FEMALE,YES,0
210,10,0,FEMALE,YES,1
211,12,0,FEMALE,NO,0
212,22,2,FEMALE,YES,0
213,9,1,MALE,YES,0
214,28,0,FEMALE,NO,0
215,14,0,MALE,NO,0
216,19,0,MALE,YES,0
217,11,2,FEMALE,YES,0
218,23,0,FEMALE,NO,0
219,1,1,MALE,YES,0
220,12,0,MALE,YES,0
221,16,0,FEMALE,NO,0
222,1,0,FEMALE,YES,0
223,1,0,FEMALE,YES,1
224,13,0,FEMALE,YES,0
225,14,1,MALE,YES,0
226,33,0,MALE,YES,0
227,9,0,FEMALE,NO,0
228,30,1,FEMALE,NO,0
229,1,0,MALE,YES,0
230,12,0,FEMALE,YES,0
231,10,0,FEMALE,NO,0
232,20,0,MALE,YES,0
233,30,0,FEMALE,NO,0
234,10,0,FEMALE,YES,0
235,23,0,MALE,YES,0
236,9,0,MALE,NO,0
237,6,1,FEMALE,YES,0
238,4,0,FEMALE,NO,0
239,8,0,FEMALE,NO,0
240,2,0,FEMALE,NO,1
241,1,0,FEMALE,YES,0
242,8,1,FEMALE,NO,0
243,22,0,MALE,NO,0
244,10,2,FEMALE,YES,1
245,8,0,MALE,NO,0
246,14,0,FEMALE,YES,0
247,35,0,FEMALE,YES,0
248,3,0,FEMALE,YES,0
249,20,1,MALE,YES,0
250,9,1,FEMALE,YES,0
251,2,0,FEMALE,YES,0
252,8,0,FEMALE,YES,0
253,15,0,FEMALE,NO,0
254,11,0,MALE,YES,0
255,10,0,FEMALE,YES,0
256,8,0,FEMALE,YES,0
257,26,2,FEMALE,NO,0
258,16,0,FEMALE,NO,0
259,3,0,FEMALE,YES,0
260,3,0,MALE,NO,0
261,13,0,FEMALE,YES,1
262,2,1,MALE,YES,0
263,16,0,FEMALE,YES,0
264,28,1,MALE,YES,0
265,22,0,FEMALE,NO,0
266,23,1,FEMALE,YES,0
267,24,1,FEMALE,YES,0
268,10,0,MALE,YES,0
269,9,1,MALE,NO,0
270,34,0,FEMALE,YES,0
271,4,0,FEMALE,YES,0
272,18,1,MALE,YES,0
273,17,0,FEMALE,YES,0
274,2,0,FEMALE,YES,0
275,15,0,FEMALE,YES,1
276,32,0,MALE,NO,0
277,34,0,FEMALE,YES,0
278,14,0,FEMALE,YES,0
279,14,0,MALE,YES,0
280,8,0,FEMALE,YES,0
281,9,1,MALE,YES,0
282,16,1,FEMALE,YES,0
283,6,0,FEMALE,YES,0
284,9,0,FEMALE,YES,1
285,10,0,MALE,YES,0
286,18,0,FEMALE,YES,0
287,9,0,MALE,NO,0
288,3,0,FEMALE,YES,0
289,16,0,FEMALE,NO,0
290,14,1,FEMALE,YES,0
291,14,0,MALE,YES,0
292,30,0,FEMALE,YES,0
293,23,0,FEMALE,NO,0
294,13,0,FEMALE,YES,0
295,10,0,MALE,NO,0
296,15,0,FEMALE,NO,0
297,27,0,FEMALE,YES,0
298,16,0,MALE,YES,0
299,20,1,MALE,YES,0
300,13,0,FEMALE,YES,0
301,35,0,MALE,NO,0
302,16,0,MALE,YES,0
303,3,2,MALE,YES,0
304,9,0,FEMALE,YES,0
305,33,0,FEMALE,YES,0
306,15,2,FEMALE,YES,0
307,2,0,MALE,YES,0
308,25,0,FEMALE,YES,0
309,27,0,FEMALE,NO,0
310,26,0,FEMALE,YES,0
311,15,0,FEMALE,NO,0
312,5,1,FEMALE,YES,0
313,12,0,MALE,YES,0
314,12,0,FEMALE,YES,0
315,10,1,FEMALE,NO,0
316,1,2,FEMALE,NO,0
317,18,0,MALE,NO,0
318,2,0,FEMALE,YES,0
319,28,0,FEMALE,YES,0
320,6,1,MALE,NO,1
321,15,0,FEMALE,YES,0
322,11,0,FEMALE,YES,0
323,16,0,FEMALE,YES,0
324,15,1,MALE,NO,0
325,23,1,MALE,NO,0
326,6,1,FEMALE,NO,0
327,10,0,MALE,YES,0
328,15,1,FEMALE,YES,1
329,8,0,FEMALE,YES,0
330,31,1,FEMALE,YES,0
331,10,0,MALE,YES,0
332,5,1,MALE,NO,1
333,12,1,FEMALE,YES,0
334,18,0,MALE,NO,0
335,7,0,MALE,YES,0
336,1,1,FEMALE,YES,0
337,5,0,FEMALE,YES,0
338,15,0,FEMALE,YES,0
339,9,2,FEMALE,NO,0
340,14,2,FEMALE,YES,0
341,2,0,FEMALE,YES,0
342,5,1,FEMALE,NO,1
343,12,0,FEMALE,NO,0
344,2,0,FEMALE,YES,0
345,26,2,FEMALE,YES,0
346,3,0,FEMALE,YES,0
347,9,1,FEMALE,YES,0
348,11,0,FEMALE,YES,0
349,3,0,MALE,YES,0
350,23,0,FEMALE,YES,0
351,17,1,FEMALE,YES,0
352,10,0,FEMALE,YES,0
353,12,0,FEMALE,YES,0
354,22,1,FEMALE,YES,1
355,1,0,FEMALE,NO,0
356,1,1,FEMALE,YES,0
357,10,0,FEMALE,NO,0
358,13,0,FEMALE,YES,0
359,10,0,FEMALE,YES,0
360,32,1,FEMALE,NO,0
361,6,2,FEMALE,YES,0
362,7,0,FEMALE,YES,0
363,13,0,FEMALE,YES,0
364,14,0,FEMALE,NO,0
365,3,0,FEMALE,YES,0
366,25,2,FEMALE,YES,0
367,9,0,FEMALE,YES,0
368,11,4,FEMALE,YES,1
369,2,0,FEMALE,NO,0
370,7,1,FEMALE,YES,1
371,9,0,FEMALE,NO,0
372,17,0,FEMALE,NO,0
373,16,5,FEMALE,NO,0
374,7,0,FEMALE,YES,0
375,14,0,FEMALE,YES,0
376,4,0,FEMALE,YES,0
377,32,0,FEMALE,YES,0
378,8,0,FEMALE,NO,0
379,23,1,FEMALE,YES,0
380,16,0,FEMALE,YES,0
381,14,0,MALE,YES,0
382,18,1,MALE,YES,0
383,16,0,FEMALE,YES,0
384,12,0,MALE,YES,0
385,7,0,MALE,YES,0
386,2,1,FEMALE,YES,0
387,6,0,MALE,YES,0
388,16,0,MALE,NO,0
389,9,0,FEMALE,NO,0
390,35,0,MALE,YES,0
391,17,0,FEMALE,YES,0
392,10,0,FEMALE,YES,0
393,16,1,MALE,YES,0
394,2,0,FEMALE,YES,0
395,10,1,MALE,YES,0
396,4,1,MALE,YES,1
397,10,0,FEMALE,YES,0
398,10,0,FEMALE,YES,0
399,2,0,FEMALE,YES,0
400,16,0,FEMALE,YES,0
401,11,0,FEMALE,YES,0
402,5,0,FEMALE,NO,0
403,3,1,FEMALE,YES,0
404,17,0,FEMALE,YES,0
405,10,1,FEMALE,YES,0
406,13,0,FEMALE,YES,0
407,12,1,MALE,YES,0
408,11,0,MALE,YES,0
409,15,0,FEMALE,NO,0
410,11,0,FEMALE,YES,0
411,5,0,FEMALE,NO,0
412,14,0,FEMALE,NO,0
413,5,0,MALE,YES,0
414,12,0,MALE,YES,0
415,13,0,FEMALE,NO,0
416,12,0,FEMALE,YES,0
417,18,1,MALE,NO,0
418,9,0,FEMALE,YES,0
419,17,0,FEMALE,YES,0
420,13,0,FEMALE,YES,0
421,11,0,FEMALE,YES,0
422,12,0,FEMALE,NO,0
423,18,0,FEMALE,YES,0
424,2,0,FEMALE,NO,0
425,12,0,MALE,YES,0
426,30,0,FEMALE,NO,0
427,25,0,MALE,YES,0
428,33,0,FEMALE,YES,0
429,15,0,FEMALE,YES,0
430,10,0,FEMALE,YES,0
431,11,2,FEMALE,YES,0
432,15,0,MALE,NO,0
433,8,0,FEMALE,YES,0
434,9,0,FEMALE,NO,0
435,6,0,MALE,YES,0
436,3,0,FEMALE,YES,1
437,12,0,FEMALE,YES,0
438,10,1,MALE,NO,0
439,9,0,FEMALE,YES,0
440,12,0,MALE,YES,0
441,32,0,FEMALE,YES,0
442,13,1,FEMALE,YES,0
443,3,0,MALE,YES,0
444,15,0,FEMALE,YES,0
445,16,1,FEMALE,NO,0
446,13,1,MALE,NO,0
447,17,0,FEMALE,YES,0
448,8,0,FEMALE,NO,0
449,10,1,FEMALE,YES,0
450,27,2,MALE,NO,0
451,22,0,MALE,YES,0
452,2,0,FEMALE,YES,0
453,6,0,FEMALE,YES,0
454,23,0,FEMALE,NO,0
455,9,0,FEMALE,YES,0
456,13,0,FEMALE,NO,0
457,5,0,FEMALE,YES,0
458,8,1,MALE,NO,0
459,4,0,FEMALE,YES,0
460,12,1,FEMALE,YES,0
461,9,0,MALE,YES,0
462,9,0,MALE,NO,0
463,14,0,FEMALE,NO,0
464,5,0,FEMALE,YES,0
465,32,0,FEMALE,NO,0
466,13,0,MALE,YES,1
467,3,1,MALE,NO,0
468,13,0,FEMALE,YES,0
469,12,0,MALE,NO,0
470,9,0,FEMALE,YES,0
471,7,0,MALE,YES,0
472,12,2,FEMALE,YES,0
473,5,0,MALE,YES,0
474,8,0,FEMALE,YES,0
475,15,2,FEMALE,YES,0
476,9,0,MALE,YES,1
477,14,1,MALE,YES,0
478,11,0,FEMALE,YES,0
479,6,0,MALE,YES,1
480,13,1,FEMALE,YES,1
481,11,0,MALE,NO,0
482,13,1,FEMALE,YES,0
483,1,0,FEMALE,YES,0
484,3,0,MALE,YES,0
485,11,1,FEMALE,YES,1
486,1,0,FEMALE,YES,0
487,5,1,FEMALE,YES,0
488,11,0,FEMALE,YES,0
489,25,1,FEMALE,YES,0
490,13,0,FEMALE,NO,0
491,4,0,MALE,YES,0
492,15,0,MALE,YES,0
493,12,0,FEMALE,YES,0
494,12,0,MALE,YES,0
495,12,1,FEMALE,YES,0
496,5,3,MALE,NO,1
497,12,0,FEMALE,YES,0
498,11,0,FEMALE,YES,0
499,22,0,FEMALE,YES,0
500,1,3,MALE,NO,1
501,15,0,MALE,YES,0
502,5,0,FEMALE,NO,0
503,8,1,MALE,YES,0
504,1,0,FEMALE,YES,0
505,10,0,FEMALE,YES,0
506,13,0,FEMALE,NO,0
507,11,0,FEMALE,YES,0
508,27,0,MALE,NO,1
509,2,0,FEMALE,NO,0
510,15,0,FEMALE,YES,0
511,10,0,FEMALE,YES,1
512,3,0,FEMALE,YES,0
513,10,0,FEMALE,YES,0
514,15,0,FEMALE,YES,0
515,8,1,MALE,YES,0
516,13,0,MALE,YES,0
517,17,1,FEMALE,YES,0
518,25,0,FEMALE,YES,1
519,9,0,FEMALE,YES,0
520,14,0,FEMALE,YES,0
521,16,0,MALE,YES,0
522,26,0,MALE,NO,0
523,11,0,FEMALE,YES,0
524,9,0,FEMALE,YES,0
525,16,0,FEMALE,NO,0
526,2,1,MALE,YES,0
527,10,1,FEMALE,NO,0
528,24,1,FEMALE,YES,0
529,14,2,FEMALE,YES,0
530,22,0,MALE,YES,0
531,7,0,FEMALE,YES,0
532,34,0,FEMALE,YES,0
533,7,0,FEMALE,YES,1
534,4,2,FEMALE,NO,1
535,21,0,MALE,YES,0
536,22,0,FEMALE,YES,0
537,5,3,FEMALE,YES,0
538,5,0,FEMALE,YES,0
539,1,0,MALE,YES,0
540,1,0,FEMALE,NO,0
541,10,0,FEMALE,YES,0
542,16,0,FEMALE,NO,0
543,11,0,FEMALE,NO,1
544,4,0,FEMALE,NO,0
545,6,1,MALE,YES,0
546,14,0,FEMALE,YES,1
547,32,0,FEMALE,YES,0
548,1,1,FEMALE,NO,1
549,2,1,FEMALE,NO,1
550,11,1,FEMALE,NO,0
551,7,0,FEMALE,YES,0
552,20,0,FEMALE,YES,0
553,11,0,FEMALE,YES,0
554,5,2,FEMALE,YES,0
555,33,0,MALE,NO,0
556,35,0,MALE,NO,0
557,7,2,MALE,YES,0
558,3,2,FEMALE,YES,0
559,8,0,FEMALE,YES,0
560,30,0,FEMALE,NO,0
561,15,0,MALE,YES,0
562,1,1,MALE,NO,0
563,15,1,FEMALE,YES,0
564,9,1,FEMALE,YES,0
565,14,0,FEMALE,YES,0
566,15,0,MALE,NO,0
567,15,1,MALE,NO,0
568,7,0,FEMALE,NO,0
569,4,0,MALE,YES,0
570,2,0,MALE,YES,0
571,29,0,FEMALE,YES,0
572,35,0,FEMALE,YES,0
573,2,1,MALE,YES,0
574,7,0,FEMALE,YES,0
575,2,0,MALE,YES,0
576,3,1,FEMALE,NO,0
577,8,1,FEMALE,YES,0
578,6,1,FEMALE,NO,0
579,21,0,FEMALE,NO,0
580,23,0,MALE,YES,0
581,17,0,FEMALE,YES,0
582,28,0,FEMALE,YES,0
583,12,1,FEMALE,NO,0
584,6,0,MALE,YES,0
585,31,1,FEMALE,YES,0
586,10,0,FEMALE,NO,1
587,6,1,MALE,NO,0
588,9,0,MALE,YES,1
589,21,1,FEMALE,YES,0
590,8,1,FEMALE,YES,0
591,7,2,MALE,NO,1
592,9,1,FEMALE,YES,1
593,7,0,FEMALE,YES,0
594,31,0,MALE,NO,0
595,8,1,MALE,YES,0
596,34,0,FEMALE,YES,0
597,9,0,FEMALE,YES,0
598,24,0,FEMALE,YES,0
599,13,0,FEMALE,YES,0
600,3,0,MALE,YES,0
601,27,0,MALE,YES,0
602,12,1,MALE,YES,0
603,7,0,FEMALE,YES,0
604,13,2,FEMALE,NO,0
605,16,1,MALE,NO,0
606,23,1,FEMALE,YES,0
607,6,0,FEMALE,NO,0
608,10,0,FEMALE,NO,0
609,16,0,FEMALE,NO,0
610,9,0,MALE,YES,0
611,3,0,FEMALE,YES,0
612,11,0,FEMALE,YES,0
613,3,0,FEMALE,NO,0
614,8,0,FEMALE,NO,0
615,22,0,MALE,YES,0
616,3,0,MALE,YES,0
617,7,0,FEMALE,NO,0
618,32,1,FEMALE,NO,0
619,8,1,FEMALE,YES,0
620,8,1,FEMALE,NO,0
621,16,0,FEMALE,YES,0
622,9,0,MALE,NO,0
623,16,0,FEMALE,YES,0
624,12,0,MALE,YES,0
625,11,1,FEMALE,YES,1
626,9,0,MALE,YES,0
627,34,1,FEMALE,YES,0
628,16,1,FEMALE,YES,0
629,9,0,FEMALE,YES,0
630,7,0,FEMALE,NO,0
631,15,3,MALE,NO,0
632,11,0,FEMALE,YES,0
633,13,2,FEMALE,YES,0
634,7,0,FEMALE,YES,0
635,6,1,FEMALE,YES,0
636,14,2,FEMALE,NO,0
637,1,0,MALE,YES,0
638,20,0,FEMALE,NO,0
639,22,1,FEMALE,YES,0
640,12,2,FEMALE,YES,0
641,16,1,FEMALE,NO,0
642,14,1,MALE,YES,0
643,3,0,FEMALE,YES,1
644,10,0,MALE,YES,0
645,22,0,FEMALE,YES,0
646,8,0,MALE,YES,0
647,34,1,FEMALE,YES,0
648,9,0,FEMALE,NO,0
649,8,1,FEMALE,YES,0
650,14,0,FEMALE,YES,0
651,16,0,MALE,YES,0
652,7,0,FEMALE,YES,0
653,13,0,FEMALE,NO,0
654,12,0,MALE,YES,0
655,1,1,FEMALE,YES,1
656,15,0,MALE,NO,0
657,28,0,FEMALE,YES,0
658,11,0,MALE,YES,0
659,1,0,MALE,YES,0
660,1,1,FEMALE,YES,0
661,4,0,FEMALE,YES,0
662,35,1,MALE,YES,0
663,15,0,FEMALE,YES,0
664,13,1,FEMALE,YES,0
665,11,1,MALE,YES,0
666,33,0,FEMALE,NO,0
667,2,0,FEMALE,YES,0
668,9,1,FEMALE,YES,0
669,12,0,MALE,YES,0
670,19,0,FEMALE,NO,0
671,13,0,MALE,YES,0
672,31,2,FEMALE,YES,0
673,16,0,MALE,YES,0
674,9,3,FEMALE,YES,1
675,7,1,MALE,NO,0
676,11,0,FEMALE,NO,0
677,7,0,FEMALE,NO,0
678,1,0,MALE,NO,0
679,3,1,MALE,YES,0
680,10,0,FEMALE,YES,0
681,9,0,FEMALE,YES,0
682,7,0,FEMALE,YES,0
683,4,0,FEMALE,NO,0
684,32,0,FEMALE,YES,0
685,19,1,FEMALE,YES,0
686,14,0,MALE,YES,0
687,13,1,FEMALE,YES,0
688,18,0,MALE,YES,0
689,4,0,FEMALE,YES,0
690,13,0,FEMALE,YES,0
691,12,0,FEMALE,YES,0
692,4,0,FEMALE,YES,0
693,20,3,FEMALE,YES,0
694,10,0,MALE,YES,0
695,10,0,FEMALE,NO,0
696,1,0,MALE,YES,0
697,12,0,MALE,YES,0
698,22,1,FEMALE,YES,0
699,14,1,FEMALE,YES,0
700,9,0,MALE,YES,0
701,14,0,FEMALE,YES,0
702,3,1,MALE,YES,0
703,16,0,FEMALE,YES,0
704,3,0,FEMALE,NO,0
705,4,1,MALE,YES,1
706,12,0,MALE,NO,0
707,15,1,FEMALE,YES,0
708,35,0,FEMALE,NO,0
709,3,0,FEMALE,YES,0
710,10,0,FEMALE,YES,0
711,12,0,FEMALE,YES,0
712,6,2,MALE,YES,1
713,16,2,FEMALE,YES,0
714,16,0,FEMALE,NO,0
715,12,0,MALE,YES,0
716,1,1,MALE,YES,0
717,8,0,MALE,YES,0
718,20,0,MALE,YES,0
719,11,0,FEMALE,YES,0
720,10,0,MALE,YES,0
721,6,0,FEMALE,NO,0
722,15,1,FEMALE,YES,0
723,1,0,MALE,YES,0
724,14,0,FEMALE,NO,0
725,12,2,FEMALE,NO,0
726,12,0,FEMALE,YES,0
727,21,0,MALE,NO,0
728,4,1,MALE,YES,0
729,1,1,MALE,YES,0
730,15,0,FEMALE,NO,0
731,11,0,MALE,YES,0
732,24,0,MALE,YES,0
733,13,0,FEMALE,NO,0
734,28,0,FEMALE,YES,0
735,1,0,FEMALE,YES,0
736,13,0,FEMALE,YES,0
737,30,0,FEMALE,YES,0
738,16,0,MALE,NO,0
739,9,0,FEMALE,NO,0
740,10,1,FEMALE,NO,0
741,8,0,FEMALE,YES,0
742,4,1,FEMALE,YES,0
743,10,0,FEMALE,YES,0
744,23,0,FEMALE,YES,0
745,21,1,FEMALE,NO,0
746,10,3,FEMALE,YES,0
747,15,3,FEMALE,YES,1
748,12,0,FEMALE,YES,0
749,8,0,FEMALE,YES,0
750,11,0,FEMALE,YES,0
751,8,0,FEMALE,YES,0
752,14,0,FEMALE,YES,0
753,7,0,FEMALE,YES,0
754,25,1,MALE,NO,0
755,34,0,MALE,NO,0
756,12,1,MALE,YES,0
757,13,1,MALE,NO,0
758,2,0,MALE,NO,0
759,23,0,MALE,YES,0
760,7,0,MALE,YES,0
761,1,0,MALE,YES,0
762,31,0,FEMALE,YES,0
763,1,0,MALE,YES,0
764,9,0,MALE,NO,0
765,15,3,FEMALE,YES,1
766,15,0,FEMALE,YES,0
767,1,0,FEMALE,YES,0
768,6,2,FEMALE,YES,1
769,10,0,FEMALE,YES,0
770,13,1,FEMALE,YES,1
771,16,0,FEMALE,NO,0
772,14,0,MALE,YES,0
773,15,0,MALE,YES,0
774,12,0,MALE,YES,0
775,12,0,MALE,NO,0
776,11,0,FEMALE,YES,1
777,15,0,MALE,YES,0
778,5,0,FEMALE,YES,0
779,18,1,FEMALE,YES,1
780,16,0,MALE,YES,0
781,15,0,MALE,YES,0
782,12,0,MALE,YES,0
783,13,0,FEMALE,YES,0
784,15,1,MALE,YES,0
785,19,2,MALE,YES,0
786,9,0,FEMALE,NO,0
787,12,0,MALE,YES,0
788,8,0,FEMALE,YES,0
789,8,1,FEMALE,YES,0
790,29,0,FEMALE,YES,0
791,12,0,FEMALE,YES,0
792,13,0,MALE,YES,0
793,8,0,FEMALE,YES,0
794,12,0,MALE,NO,0
795,8,1,FEMALE,YES,0
796,11,0,FEMALE,NO,0
797,22,0,FEMALE,YES,0
798,9,0,FEMALE,NO,0
799,10,0,FEMALE,NO,0
800,1,2,FEMALE,YES,0
801,15,2,FEMALE,YES,0
802,9,0,FEMALE,NO,0
803,13,1,FEMALE,YES,0
804,12,0,MALE,YES,0
805,13,0,MALE,NO,0
806,34,0,FEMALE,NO,0
807,9,0,FEMALE,YES,0
808,1,0,MALE,YES,0
809,6,0,MALE,YES,0
810,15,0,FEMALE,YES,0
811,9,0,MALE,NO,0
812,12,0,FEMALE,NO,0
813,4,0,MALE,YES,0
814,2,0,MALE,YES,0
815,15,0,FEMALE,NO,0
816,6,0,FEMALE,YES,0
817,6,0,FEMALE,YES,0
818,16,0,FEMALE,YES,0
819,5,0,FEMALE,YES,0
820,7,1,FEMALE,YES,0
821,5,1,FEMALE,YES,0
822,10,0,FEMALE,YES,0
823,2,0,MALE,NO,0
824,10,0,FEMALE,YES,0
825,9,0,FEMALE,YES,0
826,30,1,MALE,YES,1
827,12,0,FEMALE,YES,0
828,35,0,FEMALE,NO,0
829,28,1,MALE,YES,0
830,12,0,FEMALE,NO,0
831,8,0,FEMALE,NO,0
832,3,0,FEMALE,YES,0
833,7,4,FEMALE,YES,1
834,3,0,FEMALE,NO,0
835,4,1,FEMALE,YES,0
836,4,0,FEMALE,NO,0
837,2,1,FEMALE,YES,0
838,9,0,MALE,YES,0
839,13,0,FEMALE,YES,0
840,11,0,FEMALE,YES,0
841,13,0,FEMALE,YES,0
842,5,0,FEMALE,YES,0
843,13,0,FEMALE,YES,0
844,3,1,FEMALE,YES,0
845,5,0,FEMALE,YES,0
846,8,0,MALE,NO,0
847,15,0,MALE,YES,0
848,7,0,FEMALE,YES,0
849,14,0,MALE,YES,0
850,13,0,FEMALE,NO,0
851,2,0,FEMALE,NO,0
852,13,0,MALE,YES,0
853,13,0,MALE,NO,0
854,12,0,MALE,YES,0
855,2,0,MALE,YES,0
856,3,0,MALE,YES,0
857,6,0,FEMALE,YES,0
858,12,0,FEMALE,NO,0
859,7,0,FEMALE,YES,0
860,2,1,MALE,YES,0
861,9,1,FEMALE,YES,0
862,4,0,MALE,NO,0
863,6,0,FEMALE,NO,0
864,10,0,FEMALE,YES,0
865,15,0,FEMALE,NO,1
866,9,1,MALE,YES,0
867,11,1,FEMALE,NO,1
868,16,1,FEMALE,YES,0
869,9,0,FEMALE,YES,0
870,11,2,FEMALE,YES,0
871,12,0,MALE,YES,0
872,15,0,FEMALE,YES,0
873,11,0,FEMALE,YES,0
874,13,0,MALE,NO,0
875,26,1,FEMALE,YES,0
876,19,0,MALE,YES,0
877,15,1,FEMALE,YES,0
878,5,0,FEMALE,NO,1
879,8,0,FEMALE,YES,0
880,2,0,FEMALE,YES,0
881,34,2,MALE,NO,0
882,13,2,FEMALE,YES,0
883,10,0,FEMALE,YES,0
884,14,0,FEMALE,NO,1
885,22,1,FEMALE,YES,0
886,4,0,FEMALE,YES,0
887,14,1,FEMALE,NO,0
888,13,0,MALE,NO,0
889,22,1,FEMALE,YES,0
890,14,0,FEMALE,YES,0
891,8,1,FEMALE,YES,0
892,3,0,FEMALE,YES,0
893,15,1,MALE,YES,0
894,9,1,FEMALE,YES,0
895,32,0,FEMALE,YES,0
896,14,0,FEMALE,YES,0
897,10,0,FEMALE,YES,0
898,27,0,MALE,NO,0
899,33,0,FEMALE,YES,0
900,13,0,FEMALE,NO,0
901,1,0,FEMALE,YES,0
902,9,0,MALE,NO,0
903,11,0,FEMALE,NO,0
904,29,0,FEMALE,YES,0
905,5,0,MALE,YES,0
906,7,0,MALE,YES,0
907,6,0,MALE,NO,0
908,12,0,FEMALE,YES,0
909,12,0,MALE,YES,0
910,1,3,FEMALE,YES,1
911,7,0,FEMALE,NO,0
912,12,0,MALE,YES,0
913,16,0,MALE,NO,0
914,10,1,MALE,YES,1
915,12,1,FEMALE,YES,0
916,15,0,FEMALE,YES,0
917,30,0,FEMALE,NO,0
918,13,1,MALE,NO,1
919,7,0,FEMALE,YES,0
920,9,1,FEMALE,YES,0
921,8,1,FEMALE,YES,0
922,14,0,MALE,YES,0
923,2,0,MALE,NO,1
924,11,0,FEMALE,NO,0
925,15,1,FEMALE,YES,0
926,31,0,FEMALE,NO,0
927,16,0,FEMALE,YES,0
928,16,0,FEMALE,YES,0
929,2,0,FEMALE,YES,0
930,5,1,FEMALE,YES,0
931,16,0,FEMALE,NO,0
932,9,0,MALE,YES,0
933,6,0,FEMALE,YES,0
934,16,0,FEMALE,NO,0
935,10,0,FEMALE,YES,1
936,7,0,FEMALE,NO,1
937,33,0,FEMALE,YES,0
938,10,1,FEMALE,YES,0
939,23,0,FEMALE,YES,0
940,13,0,FEMALE,YES,0
941,3,0,MALE,NO,0
942,9,1,FEMALE,YES,0
943,11,0,MALE,YES,0
944,8,0,MALE,YES,0
945,12,0,FEMALE,YES,0
946,8,0,MALE,YES,0
947,14,1,MALE,YES,0
948,14,0,MALE,YES,0
949,10,0,FEMALE,YES,0
950,10,2,FEMALE,YES,0
951,10,1,MALE,YES,1
952,31,1,MALE,YES,0
953,22,0,FEMALE,NO,0
954,10,1,FEMALE,YES,0
955,28,0,FEMALE,NO,0
956,12,0,FEMALE,NO,0
957,11,1,FEMALE,YES,0
958,8,0,FEMALE,YES,0
959,9,1,MALE,YES,0
960,8,0,FEMALE,YES,1
961,1,0,MALE,YES,0
962,14,0,FEMALE,YES,0
963,12,0,MALE,NO,0
964,15,0,MALE,NO,0
965,9,1,FEMALE,YES,1
966,6,0,FEMALE,NO,0
967,15,1,FEMALE,YES,0
968,13,0,MALE,YES,0
969,7,0,FEMALE,NO,0
970,15,2,FEMALE,YES,0
971,1,0,FEMALE,NO,0
972,12,0,FEMALE,NO,0
973,4,0,MALE,YES,0
974,8,1,FEMALE,NO,0
975,7,0,FEMALE,YES,0
976,12,0,MALE,YES,1
977,14,0,FEMALE,YES,0
978,15,2,FEMALE,NO,0
979,6,0,MALE,YES,0
980,8,1,FEMALE,YES,0
981,15,0,MALE,YES,0
982,12,0,FEMALE,NO,0
983,34,0,FEMALE,YES,0
984,5,3,FEMALE,YES,1
985,12,0,FEMALE,YES,0
986,5,0,FEMALE,YES,0
987,35,0,MALE,YES,0
988,15,0,MALE,YES,0
989,10,0,FEMALE,NO,0
990,12,2,MALE,NO,0
991,13,0,FEMALE,YES,0
992,8,1,FEMALE,YES,0
993,18,2,FEMALE,NO,0
994,28,0,MALE,YES,0
995,26,0,MALE,YES,0
996,7,1,FEMALE,NO,0
997,14,1,FEMALE,YES,1
998,27,1,MALE,NO,0
999,3,0,MALE,YES,0
1000,30,0,FEMALE,YES,0
1001,30,0,MALE,YES,0
1002,12,0,FEMALE,YES,0
1003,18,0,FEMALE,YES,0
1004,27,1,MALE,YES,0
1005,4,1,MALE,NO,0
1006,35,0,MALE,YES,0
1007,4,0,MALE,YES,0
1008,23,0,MALE,YES,0
1009,10,0,FEMALE,YES,0
1010,21,0,FEMALE,NO,0
1011,27,0,FEMALE,NO,0
1012,19,0,FEMALE,YES,0
1013,30,0,FEMALE,NO,0
1014,7,1,FEMALE,YES,0
1015,15,1,MALE,NO,0
1016,33,0,FEMALE,NO,0
1017,7,0,FEMALE,YES,0
1018,24,0,MALE,YES,0
1019,14,0,FEMALE,NO,0
1020,10,0,MALE,YES,0
1021,12,0,FEMALE,YES,0
1022,11,0,FEMALE,YES,0
1023,5,2,MALE,YES,0
1024,11,0,FEMALE,YES,0
1025,16,1,MALE,YES,0
1026,31,0,FEMALE,NO,0
1027,14,0,MALE,YES,0
1028,16,0,FEMALE,YES,0
1029,22,0,FEMALE,NO,0
1030,13,1,FEMALE,YES,0
1031,14,0,FEMALE,YES,0
1032,11,0,FEMALE,YES,0
1033,30,0,MALE,YES,0
1034,16,0,FEMALE,NO,0
1035,12,1,MALE,NO,0
1036,10,1,MALE,NO,0
1037,31,1,MALE,YES,0
1038,10,0,FEMALE,YES,1
1039,16,1,MALE,YES,0
1040,20,2,FEMALE,YES,1
1041,16,0,FEMALE,YES,0
1042,6,0,MALE,NO,0
1043,15,2,MALE,YES,0
1044,28,0,FEMALE,YES,0
1045,11,0,FEMALE,NO,0
1046,12,0,FEMALE,NO,0
1047,13,0,FEMALE,YES,0
1048,23,0,FEMALE,YES,0
1049,11,0,FEMALE,NO,0
1050,12,0,MALE,NO,0
1051,26,0,FEMALE,NO,0
1052,14,0,FEMALE,YES,0
1053,11,0,FEMALE,YES,0
1054,2,0,MALE,YES,0
1055,6,0,FEMALE,NO,0
1056,12,0,FEMALE,YES,0
1057,8,0,FEMALE,YES,0
1058,13,0,FEMALE,YES,0
1059,7,0,FEMALE,YES,0
1060,11,0,MALE,YES,0
1061,35,3,FEMALE,YES,0
1062,24,0,FEMALE,YES,0
1063,1,1,MALE,NO,0
1064,14,1,MALE,NO,0
1065,10,0,FEMALE,YES,0
1066,3,0,FEMALE,NO,0
1067,13,0,FEMALE,NO,0
1068,10,0,FEMALE,NO,0
1069,18,0,FEMALE,YES,0
1070,7,1,FEMALE,YES,1
1071,14,0,FEMALE,YES,0
1072,9,0,FEMALE,YES,0
1073,12,1,MALE,NO,0
1074,6,0,MALE,NO,0
1075,9,0,FEMALE,NO,0
1076,6,0,MALE,NO,0
1077,5,1,MALE,Yes,0
1078,26,0,MALE,NO,0
1079,13,0,FEMALE,YES,0
1080,26,0,FEMALE,YES,0
1081,14,0,FEMALE,YES,0
1082,14,0,MALE,YES,0
1083,25,0,MALE,YES,0
1084,1,1,MALE,YES,1
1085,13,0,FEMALE,YES,0
1086,6,0,MALE,NO,0
1087,12,0,FEMALE,YES,0
1088,13,0,FEMALE,YES,0
1089,12,1,MALE,NO,0
1090,2,1,FEMALE,YES,1
1091,7,1,FEMALE,NO,0
1092,8,0,FEMALE,YES,0
1093,34,0,FEMALE,YES,0
1094,12,0,FEMALE,YES,0
1095,9,1,FEMALE,YES,0
1096,9,2,MALE,NO,0
1097,12,0,MALE,YES,0
1098,32,0,FEMALE,YES,0
1099,15,1,FEMALE,YES,1
1100,5,0,FEMALE,NO,1
1101,16,1,MALE,NO,0
1102,13,0,MALE,YES,1
1103,5,0,MALE,YES,0
1104,12,0,FEMALE,YES,0
1105,10,0,MALE,YES,1
1106,3,0,FEMALE,YES,0
1107,6,0,MALE,YES,0
1108,16,0,FEMALE,YES,0
1109,8,0,FEMALE,NO,0
1110,3,1,FEMALE,NO,0
1111,21,0,FEMALE,YES,0
1112,30,0,MALE,YES,1
1113,11,0,MALE,YES,0
1114,35,0,MALE,NO,0
1115,10,0,MALE,YES,0
1116,4,1,FEMALE,YES,0
1117,3,0,FEMALE,YES,1
1118,23,1,MALE,NO,0
1119,13,1,MALE,NO,0
1120,26,0,FEMALE,NO,0
1121,16,1,MALE,NO,0
1122,14,2,FEMALE,YES,0
1123,12,0,FEMALE,NO,0
1124,35,0,FEMALE,NO,0
1125,7,0,FEMALE,YES,0
1126,1,0,FEMALE,YES,0
1127,31,0,MALE,YES,0
1128,13,1,MALE,NO,0
1129,12,2,MALE,NO,0
1130,14,0,FEMALE,YES,0
1131,16,0,FEMALE,YES,0
1132,23,1,MALE,YES,0
1133,9,0,FEMALE,NO,0
1134,16,1,FEMALE,YES,0
1135,16,0,FEMALE,YES,0
1136,16,0,FEMALE,YES,0
1137,3,0,MALE,NO,0
1138,16,1,MALE,NO,0
1139,9,3,MALE,YES,0
1140,29,0,FEMALE,NO,0
1141,17,0,MALE,NO,0
1142,5,0,FEMALE,NO,0
1143,14,0,FEMALE,NO,0
1144,5,0,MALE,NO,0
1145,9,0,MALE,NO,0
1146,10,1,FEMALE,NO,1
1147,4,0,MALE,NO,0
1148,31,0,MALE,YES,0
1149,11,0,FEMALE,YES,0
1150,23,0,FEMALE,YES,0
1151,24,0,FEMALE,YES,0
1152,13,0,MALE,YES,1
1153,13,1,FEMALE,NO,1
1154,5,0,FEMALE,NO,0
1155,16,0,MALE,YES,0
1156,14,0,MALE,YES,0
1157,12,0,FEMALE,YES,1
1158,25,0,FEMALE,YES,0
1159,28,0,MALE,YES,0
1160,19,0,MALE,YES,0
1161,16,1,MALE,NO,0
1162,12,0,FEMALE,YES,0
1163,4,3,FEMALE,YES,1
1164,11,0,FEMALE,YES,0
1165,13,0,MALE,YES,0
1166,3,1,FEMALE,YES,0
1167,13,1,MALE,NO,0
1168,4,0,FEMALE,NO,0
1169,6,0,FEMALE,NO,0
1170,11,0,FEMALE,YES,0
1171,7,0,FEMALE,YES,0
1172,3,0,MALE,NO,0
1173,8,1,MALE,YES,1
1174,29,0,FEMALE,NO,0
1175,5,0,MALE,NO,0
1176,15,0,FEMALE,YES,0
1177,14,0,FEMALE,YES,0
1178,2,2,FEMALE,YES,1
1179,14,1,MALE,NO,0
1180,14,0,MALE,NO,0
1181,12,1,MALE,NO,0
1182,13,0,FEMALE,YES,0
1183,11,0,FEMALE,YES,0
1184,5,3,MALE,NO,1
1185,10,0,FEMALE,NO,0
1186,28,1,MALE,YES,0
1187,13,0,MALE,YES,0
1188,16,1,MALE,NO,0
1189,19,1,MALE,YES,0
1190,10,0,FEMALE,YES,0
1191,9,0,FEMALE,YES,0
1192,2,0,FEMALE,NO,0
1193,14,0,MALE,YES,0
1194,9,1,MALE,NO,0
1195,14,0,FEMALE,YES,0
1196,9,3,MALE,YES,1
1197,8,0,FEMALE,YES,0
1198,10,0,FEMALE,NO,0
1199,29,0,FEMALE,YES,0
1200,26,0,FEMALE,YES,0
1201,23,1,MALE,YES,0
1202,5,0,MALE,NO,0
1203,3,0,MALE,NO,0
1204,14,1,MALE,NO,0
1205,2,2,FEMALE,YES,0
1206,33,1,MALE,NO,0
1207,15,0,FEMALE,YES,0
1208,35,1,MALE,YES,0
1209,16,1,MALE,NO,0
1210,7,1,FEMALE,YES,0
1211,4,1,FEMALE,YES,0
1212,17,0,FEMALE,YES,0
1213,16,1,FEMALE,YES,0
1214,17,0,MALE,NO,0
1215,13,0,FEMALE,YES,0
1216,8,0,FEMALE,NO,0
1217,10,0,FEMALE,YES,0
1218,22,0,FEMALE,YES,0
1219,16,2,MALE,YES,0
1220,13,0,FEMALE,YES,0
1221,9,0,FEMALE,YES,0
1222,2,2,FEMALE,YES,0
1223,12,1,MALE,NO,0
1224,13,2,MALE,NO,0
1225,5,0,MALE,NO,0
1226,26,0,FEMALE,NO,0
1227,11,0,FEMALE,YES,0
1228,16,0,MALE,YES,0
1229,17,0,FEMALE,YES,0
1230,9,3,MALE,YES,0
1231,27,3,MALE,YES,0
1232,4,0,FEMALE,YES,0
1233,7,0,FEMALE,YES,0
1234,15,1,MALE,NO,0
1235,32,0,FEMALE,YES,0
1236,9,2,FEMALE,NO,0
1237,2,2,MALE,YES,0
1238,9,0,MALE,YES,0
1239,13,0,MALE,YES,0
1240,26,0,FEMALE,YES,0
1241,3,0,MALE,YES,0
1242,16,0,MALE,NO,0
1243,24,0,FEMALE,NO,0
1244,15,0,FEMALE,NO,0
1245,12,0,FEMALE,YES,0
1246,29,0,MALE,YES,0
1247,25,0,FEMALE,YES,0
1248,16,0,FEMALE,NO,0
1249,26,1,MALE,NO,0
1250,10,0,FEMALE,YES,0
1251,10,1,FEMALE,NO,0
1252,7,0,FEMALE,NO,0
1253,10,0,FEMALE,YES,0
1254,10,0,MALE,YES,0
1255,7,0,MALE,YES,0
1256,14,0,MALE,NO,0
1257,6,0,MALE,NO,0
1258,12,1,MALE,YES,0
1259,14,2,MALE,NO,0
1260,16,1,FEMALE,YES,1
1261,3,0,MALE,NO,1
1262,11,0,MALE,NO,0
1263,3,1,FEMALE,NO,0
1264,12,0,MALE,YES,0
1265,4,0,MALE,NO,0
1266,2,1,MALE,YES,0
1267,2,0,MALE,NO,0
1268,13,2,FEMALE,YES,1
1269,5,0,MALE,NO,0
1270,10,1,FEMALE,NO,0
1271,22,0,FEMALE,YES,0
1272,14,0,MALE,YES,0
1273,9,0,MALE,YES,0
1274,15,1,MALE,YES,0
1275,7,1,MALE,NO,0
1276,24,1,MALE,YES,0
1277,24,0,FEMALE,NO,0
1278,23,0,FEMALE,NO,0
1279,8,0,MALE,YES,0
1280,33,0,FEMALE,YES,0
1281,11,0,FEMALE,YES,1
1282,11,0,FEMALE,YES,0
1283,14,1,MALE,NO,0
1284,4,1,MALE,YES,1
1285,1,0,MALE,NO,0
1286,35,1,FEMALE,YES,0
1287,23,0,FEMALE,YES,0
1288,16,0,MALE,NO,0
1289,5,0,MALE,NO,0
1290,15,2,MALE,YES,0
1291,15,0,MALE,YES,0
1292,1,1,FEMALE,NO,1
1293,11,0,FEMALE,YES,0
1294,8,0,FEMALE,YES,0
1295,7,1,FEMALE,YES,0
1296,5,0,MALE,NO,0
1297,6,0,MALE,NO,0
1298,35,0,FEMALE,NO,0
1299,22,0,MALE,YES,0
1300,1,1,MALE,YES,1
1301,10,1,FEMALE,NO,1
1302,15,0,FEMALE,YES,0
1303,15,0,FEMALE,YES,0
1304,16,0,FEMALE,YES,0
1305,31,0,FEMALE,YES,0
1306,11,1,FEMALE,YES,0
1307,26,1,MALE,NO,0
1308,15,1,MALE,NO,0
1309,3,0,MALE,NO,0
1310,7,0,FEMALE,YES,0
1311,7,0,FEMALE,YES,0
1312,33,0,FEMALE,NO,0
1313,16,1,FEMALE,NO,1
1314,4,0,MALE,NO,0
1315,6,0,FEMALE,NO,0
1316,15,1,MALE,NO,1
1317,9,0,MALE,YES,0
1318,19,0,FEMALE,YES,0
1319,24,0,MALE,YES,1
1320,23,1,MALE,NO,0
1321,14,0,MALE,YES,0
1322,10,0,MALE,YES,0
1323,6,0,MALE,NO,0
1324,7,0,FEMALE,YES,0
1325,30,0,MALE,YES,0
1326,10,0,FEMALE,NO,0
1327,19,0,FEMALE,YES,0
1328,9,0,FEMALE,NO,0
1329,11,0,FEMALE,NO,0
1330,6,0,MALE,NO,0
1331,13,0,FEMALE,YES,0
1332,12,0,MALE,YES,0
1333,8,1,MALE,NO,0
1334,1,0,FEMALE,YES,1
1335,8,0,FEMALE,NO,0
1336,8,0,FEMALE,YES,0
1337,15,0,FEMALE,NO,0
1338,12,0,FEMALE,NO,0
1339,13,1,MALE,NO,0
1340,19,0,FEMALE,YES,0
1341,10,1,MALE,YES,0
1342,9,1,FEMALE,YES,0
1343,9,0,FEMALE,YES,0
1344,16,0,FEMALE,YES,0
1345,9,1,MALE,YES,0
1346,16,1,MALE,NO,0
1347,13,1,MALE,YES,0
1348,15,1,MALE,NO,0
1349,9,0,FEMALE,NO,0
1350,12,0,FEMALE,NO,0
1351,10,0,FEMALE,YES,0
1352,8,1,FEMALE,YES,0
1353,10,0,FEMALE,NO,0
1354,22,1,MALE,YES,0
1355,1,0,MALE,YES,1
1356,35,0,MALE,YES,0
1357,12,0,FEMALE,YES,0
1358,15,0,FEMALE,YES,0
1359,22,2,MALE,NO,0
1360,3,0,FEMALE,YES,0
1361,8,0,MALE,NO,0
1362,25,0,MALE,YES,0
1363,14,0,FEMALE,NO,0
1364,12,0,FEMALE,YES,0
1365,12,0,MALE,YES,0
1366,10,1,FEMALE,YES,0
1367,1,0,MALE,NO,0
1368,16,0,FEMALE,YES,0
1369,1,0,MALE,YES,0
1370,31,0,MALE,YES,0
1371,8,0,MALE,NO,0
1372,11,0,FEMALE,YES,0
1373,3,0,MALE,NO,0
1374,1,0,MALE,NO,0
1375,12,1,MALE,NO,0
1376,33,0,MALE,YES,0
1377,2,0,MALE,NO,0
1378,7,0,MALE,YES,0
1379,16,0,FEMALE,NO,0
1380,5,1,FEMALE,NO,0
1381,8,0,FEMALE,YES,0
1382,9,0,FEMALE,NO,0
1383,15,0,FEMALE,YES,0
1384,6,1,FEMALE,YES,0
1385,9,0,FEMALE,YES,0
1386,28,1,FEMALE,NO,1
1387,14,0,FEMALE,YES,0
1388,22,0,FEMALE,YES,0
1389,31,0,MALE,YES,0
1390,25,1,MALE,NO,0
1391,16,0,MALE,YES,0
1392,14,0,FEMALE,NO,0
1393,10,0,FEMALE,YES,0
1394,34,1,MALE,NO,0
1395,2,1,MALE,YES,0
1396,23,0,FEMALE,YES,0
1397,7,0,FEMALE,YES,0
1398,29,1,MALE,YES,0
1399,18,0,MALE,YES,0
1400,10,1,FEMALE,YES,0
1401,13,0,FEMALE,YES,0
1402,14,0,MALE,NO,0
1403,15,0,FEMALE,YES,0
1404,34,0,MALE,YES,0
1405,12,0,MALE,NO,0
1406,4,0,MALE,NO,0
1407,11,0,FEMALE,NO,0
1408,11,0,FEMALE,YES,0
1409,7,1,FEMALE,YES,0
1410,8,0,FEMALE,NO,0
1411,34,0,FEMALE,YES,0
1412,16,0,FEMALE,YES,0
1413,7,0,FEMALE,YES,0
1414,6,0,MALE,NO,0
1415,6,0,FEMALE,NO,0
1416,11,0,FEMALE,YES,0
1417,17,0,FEMALE,YES,0
1418,27,0,FEMALE,NO,0
1419,12,0,FEMALE,YES,0
1420,15,0,MALE,YES,0
1421,15,0,MALE,NO,0
1422,12,0,FEMALE,NO,0
1423,30,0,FEMALE,YES,0
1424,5,0,FEMALE,YES,0
1425,3,2,MALE,YES,0
1426,19,0,MALE,NO,0
1427,21,0,FEMALE,YES,0
1428,14,0,MALE,YES,0
1429,15,1,FEMALE,YES,0
1430,15,0,FEMALE,YES,0
1431,1,0,MALE,NO,0
1432,17,0,FEMALE,YES,0
1433,13,0,FEMALE,NO,0
1434,12,2,FEMALE,NO,0
1435,5,1,MALE,YES,0
1436,1,2,FEMALE,YES,1
1437,26,0,FEMALE,YES,0
1438,2,0,FEMALE,YES,0
1439,7,0,FEMALE,YES,0
1440,28,1,FEMALE,YES,0
1441,32,1,FEMALE,NO,0
1442,15,0,MALE,NO,0
1443,4,0,MALE,NO,0
1444,18,0,FEMALE,YES,0
1445,16,0,MALE,YES,0
1446,13,0,FEMALE,YES,0
1447,7,0,FEMALE,YES,0
1448,9,0,MALE,YES,0
1449,15,0,FEMALE,NO,0
1450,13,1,MALE,YES,0
1451,8,1,FEMALE,YES,0
1452,25,0,FEMALE,NO,0
1453,2,2,FEMALE,YES,1
1454,6,0,FEMALE,YES,0
1455,23,0,FEMALE,NO,0
1456,1,1,FEMALE,YES,0
1457,8,0,FEMALE,YES,0
1458,1,0,FEMALE,YES,0
1459,13,0,FEMALE,YES,0
1460,13,0,MALE,NO,0
1461,8,0,FEMALE,YES,0
1462,10,1,FEMALE,YES,0
1463,13,0,FEMALE,YES,0
1464,5,0,FEMALE,YES,0
1465,13,0,FEMALE,NO,0
1466,1,1,FEMALE,YES,0
1467,7,0,FEMALE,NO,0
1468,12,1,MALE,YES,0
1469,29,0,MALE,YES,0
1470,1,0,MALE,YES,0
1471,35,0,MALE,YES,0
1472,2,1,FEMALE,YES,0
1473,8,0,FEMALE,YES,0
1474,11,1,FEMALE,YES,0
1475,6,0,MALE,YES,0
1476,9,1,FEMALE,YES,0
1477,1,0,FEMALE,NO,0
1478,10,0,FEMALE,YES,0
1479,10,0,FEMALE,YES,0
1480,9,1,FEMALE,YES,0
1481,16,1,FEMALE,YES,0
1482,31,1,MALE,NO,0
1483,7,1,FEMALE,YES,1
1484,13,0,FEMALE,NO,0
1485,16,0,FEMALE,NO,0
1486,30,0,MALE,NO,1
1487,4,0,FEMALE,YES,0
1488,18,0,FEMALE,NO,0
1489,10,0,FEMALE,NO,0
1490,4,0,MALE,NO,0
1491,8,0,FEMALE,YES,0
1492,26,0,FEMALE,YES,0
1493,15,1,MALE,YES,0
1494,10,0,MALE,NO,0
1495,14,0,MALE,NO,0
1496,6,0,FEMALE,YES,0
1497,13,2,FEMALE,YES,0
1498,3,0,FEMALE,YES,0
1499,8,1,FEMALE,YES,0
1500,2,0,MALE,YES,0
1501,7,0,FEMALE,YES,0
1502,3,2,FEMALE,NO,1
1503,20,0,MALE,NO,0
1504,4,0,FEMALE,YES,0
1505,25,1,FEMALE,NO,0
1506,14,0,MALE,YES,0
1507,16,1,FEMALE,YES,0
1508,6,0,FEMALE,NO,0
1509,6,0,MALE,NO,0
1510,13,1,FEMALE,NO,0
1511,13,1,MALE,YES,0
1512,5,0,FEMALE,YES,1
1513,11,0,FEMALE,YES,0
1514,10,0,FEMALE,YES,0
1515,34,0,FEMALE,YES,0
1516,6,1,FEMALE,YES,0
1517,11,0,MALE,YES,0
1518,26,2,FEMALE,YES,0
1519,17,2,MALE,NO,0
1520,8,0,MALE,YES,0
1521,30,0,FEMALE,NO,0
1522,2,0,FEMALE,YES,0
1523,25,0,FEMALE,YES,0
1524,12,1,FEMALE,YES,0
1525,8,0,FEMALE,NO,0
1526,5,0,FEMALE,YES,0
1527,6,2,MALE,YES,1
1528,34,0,FEMALE,YES,0
1529,11,0,MALE,YES,0
1530,13,0,FEMALE,YES,0
1531,18,1,MALE,YES,0
1532,9,0,FEMALE,YES,1
1533,8,0,FEMALE,YES,0
1534,9,0,FEMALE,NO,0
1535,7,0,FEMALE,YES,0
1536,7,0,MALE,YES,0
1537,15,0,FEMALE,YES,0
1538,14,0,FEMALE,YES,0
1539,3,1,FEMALE,NO,0
1540,21,0,FEMALE,YES,0
1541,15,0,FEMALE,NO,0
1542,5,1,MALE,YES,0
1543,14,0,MALE,YES,0
1544,14,0,MALE,YES,1
1545,7,0,FEMALE,NO,0
1546,4,0,FEMALE,NO,0
1547,14,0,FEMALE,YES,0
1548,13,0,FEMALE,YES,0
1549,4,1,FEMALE,YES,0
1550,4,0,FEMALE,YES,0
1551,32,0,MALE,YES,0
1552,8,0,FEMALE,YES,0
1553,31,0,MALE,YES,0
1554,1,0,MALE,YES,0
1555,8,0,MALE,YES,0
1556,15,0,MALE,YES,0
1557,7,0,FEMALE,YES,0
1558,10,2,FEMALE,YES,0
1559,9,0,FEMALE,YES,0
1560,26,0,FEMALE,YES,0
1561,28,1,FEMALE,YES,0
1562,5,0,MALE,NO,1
1563,3,0,MALE,YES,0
1564,16,0,FEMALE,YES,0
1565,3,0,MALE,YES,0
1566,3,0,MALE,YES,0
1567,9,0,FEMALE,YES,0
1568,16,0,FEMALE,NO,0
1569,1,0,FEMALE,YES,0
1570,3,2,FEMALE,NO,1
1571,6,0,MALE,YES,0
1572,13,0,FEMALE,YES,0
1573,7,0,FEMALE,YES,0
1574,11,0,FEMALE,YES,0
1575,16,2,FEMALE,YES,0
1576,14,0,FEMALE,NO,0
1577,4,1,MALE,YES,0
1578,9,1,FEMALE,YES,0
1579,14,0,FEMALE,YES,0
1580,9,1,MALE,NO,0
1581,11,0,FEMALE,NO,0
1582,14,0,MALE,NO,0
1583,16,0,MALE,NO,0
1584,3,1,FEMALE,YES,1
1585,12,0,FEMALE,NO,0
1586,23,2,MALE,NO,0
1587,31,0,MALE,YES,0
1588,3,0,FEMALE,YES,0
1589,22,0,FEMALE,NO,0
1590,11,0,FEMALE,NO,0
1591,33,0,FEMALE,YES,0
1592,14,0,MALE,YES,0
1593,11,0,FEMALE,YES,0
1594,13,0,FEMALE,YES,0
1595,7,0,FEMALE,NO,1
1596,5,3,FEMALE,YES,1
1597,13,0,FEMALE,NO,0
1598,3,0,MALE,YES,0
1599,16,0,FEMALE,YES,0
1600,12,0,MALE,NO,0
1601,9,1,FEMALE,YES,0
1602,18,0,FEMALE,YES,0
1603,10,0,FEMALE,NO,0
1604,1,0,FEMALE,YES,0
1605,13,0,MALE,YES,0
1606,3,0,FEMALE,YES,0
1607,14,0,FEMALE,YES,0
1608,4,0,MALE,NO,0
1609,5,0,FEMALE,NO,1
1610,9,0,MALE,NO,0
1611,7,0,MALE,YES,0
1612,14,1,FEMALE,YES,0
1613,21,1,FEMALE,YES,0
1614,5,1,FEMALE,YES,0
1615,26,1,MALE,YES,0
1616,13,0,MALE,YES,0
1617,16,1,MALE,YES,0
1618,12,0,FEMALE,YES,0
1619,16,0,FEMALE,YES,0
1620,3,0,FEMALE,YES,0
1621,16,0,MALE,YES,0
1622,12,0,FEMALE,YES,0
1623,4,1,FEMALE,NO,0
1624,15,0,MALE,YES,0
1625,2,2,FEMALE,YES,1
1626,9,0,FEMALE,NO,0
1627,8,0,FEMALE,YES,1
1628,2,0,FEMALE,YES,0
1629,4,1,FEMALE,YES,0
1630,3,0,FEMALE,YES,0
1631,7,1,FEMALE,YES,0
1632,9,1,FEMALE,YES,0
1633,8,1,MALE,NO,0
1634,3,0,FEMALE,NO,0
1635,10,0,FEMALE,NO,0
1636,29,0,FEMALE,NO,0
1637,17,1,MALE,YES,0
1638,15,0,FEMALE,YES,0
1639,15,2,FEMALE,NO,1
1640,10,0,MALE,NO,0
1641,1,0,FEMALE,YES,0
1642,13,0,MALE,YES,0
1643,11,0,FEMALE,NO,0
1644,2,1,FEMALE,YES,0
1645,12,2,FEMALE,NO,0
1646,10,1,FEMALE,YES,0
1647,1,1,FEMALE,YES,0
1648,8,0,MALE,NO,0
1649,26,1,FEMALE,YES,0
1650,3,2,MALE,YES,0
1651,14,0,MALE,YES,0
1652,3,0,MALE,YES,0
1653,14,0,FEMALE,YES,0
1654,12,0,FEMALE,YES,0
1655,13,0,MALE,NO,0
1656,16,0,FEMALE,YES,0
1657,16,0,MALE,YES,0
1658,4,2,MALE,YES,0
1659,6,1,FEMALE,YES,1
1660,1,1,FEMALE,YES,1
1661,29,0,FEMALE,YES,0
1662,1,0,MALE,YES,0
1663,16,0,FEMALE,YES,0
1664,6,0,FEMALE,YES,0
1665,16,0,FEMALE,YES,0
1666,10,0,MALE,NO,0
1667,28,0,MALE,YES,0
1668,17,0,FEMALE,YES,0
1669,4,1,FEMALE,NO,0
1670,5,0,MALE,NO,0
1671,5,0,MALE,YES,0
1672,14,0,FEMALE,NO,0
1673,4,0,MALE,YES,1
1674,27,0,MALE,YES,0
1675,11,1,FEMALE,YES,0
1676,16,0,MALE,YES,0
1677,10,1,FEMALE,YES,0
1678,11,0,MALE,YES,0
1679,7,0,FEMALE,YES,0
1680,28,0,MALE,NO,0
1681,3,0,MALE,YES,0
1682,5,2,FEMALE,YES,1
1683,25,0,FEMALE,YES,0
1684,9,0,FEMALE,NO,0
1685,31,2,FEMALE,NO,0
1686,5,0,MALE,YES,0
1687,32,0,FEMALE,YES,0
1688,18,0,FEMALE,YES,0
1689,12,0,FEMALE,YES,0
1690,11,2,FEMALE,YES,0
1691,12,0,MALE,YES,0
1692,16,0,FEMALE,YES,0
1693,34,1,FEMALE,YES,0
1694,14,0,MALE,YES,0
1695,5,0,FEMALE,YES,0
1696,7,0,MALE,NO,0
1697,13,0,FEMALE,YES,0
1698,23,0,FEMALE,NO,0
1699,20,1,FEMALE,YES,0
1700,12,0,FEMALE,NO,0
1701,9,0,MALE,YES,0
1702,33,1,FEMALE,NO,0
1703,4,1,FEMALE,YES,0
1704,14,0,FEMALE,YES,0
1705,7,0,MALE,YES,0
1706,2,1,MALE,YES,1
1707,4,0,MALE,NO,0
1708,13,1,MALE,NO,0
1709,13,0,MALE,YES,0
1710,13,0,MALE,YES,0
1711,31,0,FEMALE,NO,0
1712,9,0,FEMALE,YES,0
1713,8,1,MALE,YES,0
1714,15,0,MALE,YES,0
1715,24,0,MALE,NO,0
1716,16,3,FEMALE,YES,0
1717,16,0,FEMALE,YES,0
1718,10,1,FEMALE,YES,0
1719,29,0,FEMALE,NO,0
1720,2,0,FEMALE,NO,0
1721,6,0,FEMALE,YES,0
1722,9,1,FEMALE,YES,0
1723,11,1,MALE,YES,0
1724,14,2,FEMALE,NO,1
1725,12,0,FEMALE,NO,0
1726,24,0,MALE,YES,0
1727,32,0,MALE,NO,0
1728,14,0,FEMALE,YES,0
1729,9,1,FEMALE,YES,0
1730,13,0,FEMALE,NO,0
1731,29,1,FEMALE,NO,0
1732,5,1,MALE,NO,1
1733,7,0,MALE,NO,0
1734,5,1,FEMALE,YES,0
1735,13,0,MALE,YES,0
1736,12,0,FEMALE,YES,0
1737,10,0,MALE,YES,0
1738,20,0,MALE,YES,0
1739,11,2,MALE,YES,0
1740,7,0,FEMALE,YES,0
1741,7,0,FEMALE,NO,0
1742,14,0,MALE,YES,0
1743,1,0,FEMALE,YES,0
1744,5,0,FEMALE,NO,0
1745,15,0,MALE,NO,0
1746,2,1,FEMALE,NO,0
1747,24,1,FEMALE,YES,0
1748,25,0,FEMALE,NO,0
1749,13,0,MALE,YES,0
1750,12,0,FEMALE,YES,0
1751,5,0,FEMALE,NO,0
1752,3,1,MALE,YES,0
1753,14,0,FEMALE,YES,0
1754,16,1,MALE,NO,0
1755,35,2,FEMALE,YES,0
1756,3,0,FEMALE,YES,0
1757,5,0,FEMALE,YES,0
1758,18,0,FEMALE,YES,0
1759,16,0,FEMALE,YES,0
1760,11,0,FEMALE,YES,0
1761,15,0,FEMALE,YES,0
1762,11,1,FEMALE,YES,0
1763,5,0,FEMALE,NO,0
1764,20,0,FEMALE,YES,0
1765,1,0,MALE,NO,0
1766,29,2,FEMALE,YES,1
1767,5,0,MALE,YES,0
1768,12,0,FEMALE,NO,0
1769,6,0,FEMALE,NO,0
1770,16,0,FEMALE,YES,0
1771,2,0,FEMALE,YES,0
1772,12,1,FEMALE,YES,0
1773,2,1,FEMALE,YES,0
1774,16,0,MALE,YES,0
1775,18,0,FEMALE,YES,0
1776,8,0,MALE,YES,0
1777,4,0,FEMALE,YES,0
1778,14,0,FEMALE,NO,0
1779,11,1,MALE,NO,0
1780,11,0,FEMALE,YES,0
1781,6,1,FEMALE,YES,0
1782,12,1,MALE,NO,0
1783,15,0,FEMALE,YES,0
1784,10,1,FEMALE,YES,0
1785,15,0,MALE,NO,0
1786,8,0,FEMALE,NO,0
1787,16,0,FEMALE,YES,0
1788,2,0,FEMALE,NO,0
1789,8,0,MALE,YES,0
1790,19,0,FEMALE,NO,0
1791,5,0,FEMALE,NO,0
1792,15,2,FEMALE,NO,1
1793,10,0,MALE,YES,1
1794,4,1,MALE,YES,0
1795,5,0,FEMALE,NO,0
1796,16,0,MALE,YES,0
1797,14,3,MALE,NO,1
1798,8,0,FEMALE,YES,0
1799,16,1,MALE,YES,0
1800,10,0,FEMALE,YES,0
1801,7,0,FEMALE,YES,0
1802,2,1,FEMALE,YES,0
1803,30,1,FEMALE,YES,0
1804,1,1,MALE,NO,0
1805,8,1,FEMALE,YES,0
1806,13,0,FEMALE,NO,0
1807,27,0,FEMALE,YES,0
1808,7,0,FEMALE,YES,0
1809,15,1,FEMALE,YES,0
1810,13,0,FEMALE,NO,0
1811,14,0,MALE,YES,0
1812,11,0,FEMALE,YES,0
1813,16,0,FEMALE,NO,0
1814,12,0,FEMALE,YES,0
1815,25,1,MALE,NO,0
1816,4,1,FEMALE,YES,1
1817,26,0,MALE,NO,0
1818,4,1,FEMALE,NO,0
1819,24,0,FEMALE,NO,0
1820,11,1,MALE,YES,0
1821,23,1,FEMALE,YES,0
1822,5,0,FEMALE,YES,0
1823,33,1,MALE,NO,0
1824,19,0,MALE,YES,0
1825,13,0,MALE,YES,0
1826,16,1,FEMALE,YES,1
1827,5,0,MALE,NO,0
1828,11,1,FEMALE,YES,0
1829,10,0,MALE,YES,0
1830,31,1,MALE,NO,0
1831,12,1,FEMALE,YES,0
1832,12,0,MALE,NO,0
1833,10,0,FEMALE,YES,0
1834,12,0,FEMALE,YES,0
1835,11,1,FEMALE,NO,0
1836,4,1,FEMALE,YES,0
1837,9,0,FEMALE,NO,0
1838,1,1,FEMALE,YES,1
1839,2,0,MALE,NO,0
1840,9,1,FEMALE,NO,1
1841,13,0,FEMALE,NO,0
1842,13,1,MALE,YES,0
1843,34,0,FEMALE,YES,0
1844,6,1,FEMALE,YES,0
1845,12,0,MALE,NO,0
1846,2,0,FEMALE,NO,0
1847,15,0,MALE,YES,0
1848,19,0,MALE,YES,0
1849,16,0,FEMALE,YES,1
1850,11,1,FEMALE,YES,0
1851,25,1,FEMALE,YES,0
1852,6,0,MALE,YES,0
1853,5,0,FEMALE,YES,0
1854,3,0,MALE,NO,1
1855,16,0,FEMALE,YES,0
1856,16,0,MALE,NO,0
1857,13,1,FEMALE,NO,0
1858,7,1,FEMALE,NO,0
1859,14,1,FEMALE,NO,0
1860,13,0,FEMALE,YES,0
1861,23,0,FEMALE,YES,0
1862,7,1,MALE,YES,0
1863,6,1,FEMALE,NO,0
1864,10,0,MALE,NO,0
1865,5,0,FEMALE,YES,0
1866,24,0,FEMALE,YES,0
1867,13,0,FEMALE,YES,0
1868,18,0,FEMALE,YES,0
1869,14,1,MALE,NO,0
1870,30,1,FEMALE,NO,0
1871,13,0,FEMALE,YES,0
1872,5,1,MALE,YES,0
1873,11,1,FEMALE,YES,0
1874,10,0,MALE,YES,0
1875,2,0,FEMALE,YES,0
1876,2,0,FEMALE,NO,0
1877,29,0,FEMALE,NO,0
1878,15,1,FEMALE,YES,0
1879,5,0,MALE,YES,0
1880,8,2,FEMALE,NO,1
1881,7,0,MALE,YES,1
1882,7,0,FEMALE,YES,0
1883,12,1,FEMALE,YES,0
1884,16,0,FEMALE,YES,0
1885,25,0,FEMALE,YES,0
1886,21,0,FEMALE,YES,0
1887,1,1,FEMALE,YES,1
1888,14,0,FEMALE,YES,0
1889,15,0,FEMALE,NO,0
1890,27,0,MALE,NO,0
1891,13,2,FEMALE,NO,0
1892,14,0,FEMALE,NO,0
1893,2,0,FEMALE,YES,0
1894,3,0,MALE,YES,0
1895,5,1,FEMALE,NO,0
1896,4,1,FEMALE,YES,0
1897,15,0,FEMALE,YES,0
1898,10,1,FEMALE,YES,0
1899,17,1,FEMALE,YES,0
1900,7,2,MALE,YES,0
1901,9,0,MALE,YES,0
1902,7,0,FEMALE,YES,0
1903,31,0,FEMALE,YES,0
1904,22,1,FEMALE,YES,0
1905,32,1,MALE,YES,0
1906,13,0,FEMALE,YES,0
1907,11,0,FEMALE,YES,1
1908,32,1,MALE,NO,0
1909,21,0,MALE,NO,0
1910,22,0,FEMALE,NO,0
1911,10,0,MALE,YES,0
1912,14,0,FEMALE,YES,0
1913,5,0,FEMALE,YES,0
1914,4,1,FEMALE,YES,0
1915,11,0,MALE,NO,0
1916,4,0,FEMALE,NO,0
1917,15,0,FEMALE,YES,0
1918,8,2,FEMALE,YES,0
1919,5,0,FEMALE,YES,0
1920,8,0,FEMALE,NO,0
1921,8,0,FEMALE,YES,0
1922,8,0,MALE,NO,0
1923,4,1,FEMALE,YES,0
1924,11,0,MALE,NO,0
1925,5,0,FEMALE,NO,0
1926,6,0,FEMALE,YES,0
1927,14,0,FEMALE,YES,0
1928,13,1,MALE,YES,0
1929,34,0,FEMALE,YES,0
1930,6,0,FEMALE,YES,0
1931,32,0,FEMALE,YES,0
1932,13,1,FEMALE,YES,0
1933,25,0,FEMALE,NO,0
1934,12,0,FEMALE,NO,0
1935,14,0,MALE,YES,0
1936,11,1,FEMALE,YES,0
1937,1,1,FEMALE,NO,1
1938,22,0,FEMALE,YES,0
1939,2,0,FEMALE,NO,0
1940,4,1,FEMALE,YES,0
1941,16,0,FEMALE,YES,0
1942,9,0,MALE,YES,0
1943,6,1,FEMALE,YES,0
1944,20,0,MALE,YES,0
1945,11,0,FEMALE,NO,0
1946,4,0,MALE,YES,0
1947,15,0,FEMALE,NO,0
1948,16,0,FEMALE,YES,0
1949,32,0,MALE,YES,0
1950,4,0,FEMALE,NO,0
1951,6,2,FEMALE,NO,1
1952,10,0,MALE,YES,0
1953,7,0,FEMALE,NO,0
1954,10,1,FEMALE,YES,0
1955,11,0,FEMALE,YES,0
1956,9,0,FEMALE,YES,0
1957,16,0,FEMALE,YES,0
1958,15,1,MALE,YES,0
1959,18,1,FEMALE,NO,0
1960,12,0,FEMALE,NO,0
1961,11,0,FEMALE,YES,0
1962,10,0,MALE,NO,0
1963,12,0,MALE,YES,0
1964,13,1,MALE,YES,0
1965,6,3,FEMALE,YES,1
1966,17,0,FEMALE,YES,0
1967,11,0,FEMALE,YES,0
1968,7,1,FEMALE,NO,0
1969,22,0,FEMALE,YES,0
1970,14,0,FEMALE,YES,0
1971,13,0,MALE,YES,0
1972,12,0,FEMALE,YES,0
1973,13,0,MALE,YES,0
1974,3,0,FEMALE,YES,1
1975,8,0,FEMALE,YES,0
1976,3,0,FEMALE,YES,0
1977,25,0,MALE,YES,0
1978,11,3,FEMALE,YES,1
1979,8,0,FEMALE,YES,0
1980,17,0,FEMALE,NO,0
1981,32,0,FEMALE,NO,0
1982,28,0,FEMALE,YES,0
1983,3,0,FEMALE,YES,0
1984,24,0,MALE,YES,0
1985,15,1,FEMALE,NO,1
1986,9,0,MALE,YES,0
1987,16,0,FEMALE,YES,0
1988,25,1,FEMALE,NO,1
1989,8,0,FEMALE,YES,0
1990,6,0,FEMALE,YES,0
1991,28,1,FEMALE,YES,0
1992,14,1,FEMALE,NO,0
1993,9,0,MALE,YES,0
1994,30,0,MALE,YES,0
1995,1,0,FEMALE,YES,0
1996,9,1,MALE,YES,1
1997,9,0,MALE,NO,0
1998,28,1,FEMALE,NO,0
1999,6,1,FEMALE,YES,0
2000,10,0,MALE,YES,0