person,age,weight,income,car_value,debt,mall_trips,gender,alone,dwell,pay_type,nbhd,tried
1,48,175,65500,2190,3510,7,Male,No,Home,Hourly,East,No
2,33,202,29100,2110,740,4,Female,No,Condo,Hourly,East,Yes
3,51,188,32200,5140,910,1,Male,No,Condo,Salaried,East,No
4,56,244,19000,700,1620,3,Female,No,Home,Hourly,West,No
5,28,218,81400,26620,600,3,Male,No,Apt,Salaried,West,Yes
6,51,173,73000,24520,950,2,Female,No,Condo,Salaried,East,No
7,44,182,66400,10130,3500,6,Female,Yes,Condo,Salaried,West,Yes
8,29,189,46200,10250,2860,5,Male,No,Condo,Salaried,West,Yes
9,28,200,61100,17210,3180,10,Male,No,Condo,Salaried,West,Yes
10,29,209,9800,2090,1270,7,Female,Yes,Apt,Salaried,East,Yes
11,29,171,46600,16350,5520,11,Male,Yes,Home,Salaried,West,Yes
12,30,243,24500,5410,300,3,Male,No,Home,Salaried,West,Yes
13,62,246,110900,8410,730,7,Male,Yes,Condo,Salaried,West,Yes
14,29,228,37200,6420,700,3,Male,Yes,Apt,Salaried,East,Yes
15,40,230,21800,3230,1650,4,Male,No,Home,Hourly,East,Yes
16,61,185,28900,1300,1030,2,Male,Yes,Apt,Hourly,South,No
17,30,215,161600,9930,3300,5,Male,No,Home,Salaried,South,Yes
18,37,185,8900,2200,2500,5,Male,Yes,Home,Salaried,West,Yes
19,59,202,69300,6270,150,1,Male,Yes,Apt,Salaried,South,No
20,45,201,9000,1110,810,3,Female,No,Apt,Hourly,West,No
21,37,163,65500,3860,770,7,Male,No,Condo,Salaried,East,Yes
22,34,144,42500,7660,1470,7,Male,Yes,Home,Salaried,East,Yes
23,26,161,36600,10500,1070,5,Male,No,Condo,Salaried,East,No
24,32,212,28800,3380,1330,7,Male,No,Home,Salaried,West,Yes
25,29,221,36700,7740,700,5,Female,No,Home,Hourly,West,Yes
26,33,220,10900,320,830,3,Male,No,Home,Salaried,East,No
27,27,211,53100,9430,920,5,Female,No,Home,Salaried,East,Yes
28,45,205,38500,5900,880,1,Female,No,Condo,Salaried,East,No
29,51,193,82300,9500,720,3,Female,No,Home,Hourly,East,No
30,27,183,30700,7670,2330,3,Male,Yes,Home,Hourly,West,Yes
31,43,171,23900,1340,740,2,Female,No,Condo,Salaried,East,No
32,49,184,21200,1410,800,4,Female,No,Home,Hourly,East,No
33,46,191,16200,890,1200,4,Male,No,Home,Hourly,South,No
34,52,221,15600,1410,340,2,Female,Yes,Apt,Hourly,East,No
35,31,153,53600,14830,360,6,Male,No,Condo,Salaried,West,Yes
36,52,197,16300,4240,3210,5,Female,No,Home,Hourly,West,No
37,43,165,37600,4480,620,2,Female,No,Home,Salaried,East,No
38,38,179,37800,7340,2740,8,Male,No,Apt,Salaried,West,Yes
39,38,198,58800,21510,440,6,Male,Yes,Apt,Salaried,West,Yes
40,31,200,14100,1950,2140,7,Male,No,Home,Salaried,East,Yes
41,28,151,28500,3630,2520,9,Male,No,Home,Hourly,West,Yes
42,24,223,25200,3500,290,6,Female,Yes,Condo,Hourly,West,Yes
43,29,144,36900,3750,370,1,Male,No,Home,Salaried,East,No
44,57,243,17600,4750,0,0,Female,No,Apt,Salaried,South,No
45,37,187,85900,23860,690,4,Male,No,Home,Salaried,West,Yes
46,48,191,40200,3430,1400,7,Female,No,Home,Hourly,East,No
47,45,155,52500,3490,1200,3,Female,No,Condo,Salaried,East,No
48,33,196,33500,2050,880,6,Female,No,Condo,Hourly,West,No
49,31,215,36800,10140,3620,7,Male,No,Condo,Salaried,West,Yes
50,35,187,4900,1090,4200,5,Male,No,Home,Salaried,East,Yes
51,48,203,38600,3030,910,5,Female,No,Home,Salaried,West,Yes
52,36,199,34400,8620,1300,11,Female,Yes,Home,Salaried,West,Yes
53,27,185,59600,13770,2400,2,Female,Yes,Home,Salaried,West,Yes
54,49,220,6600,500,910,1,Male,Yes,Apt,Hourly,East,No
55,49,198,47600,13720,610,1,Female,No,Condo,Salaried,South,No
56,42,200,67500,700,510,7,Male,No,Apt,Salaried,West,Yes
57,29,233,36300,5810,2650,7,Female,No,Home,Hourly,West,Yes
58,40,197,52600,4210,1610,3,Female,No,Home,Salaried,South,No
59,25,190,119000,5810,180,3,Female,Yes,Apt,Salaried,West,Yes
60,31,204,13800,360,1170,5,Female,No,Home,Hourly,West,No
61,42,203,63800,2160,560,5,Male,No,Home,Salaried,West,Yes
62,28,258,13100,6110,130,3,Female,No,Condo,Salaried,West,Yes
63,55,187,17200,1310,170,3,Female,No,Home,Hourly,East,No
64,36,142,22400,2330,470,2,Male,No,Home,Hourly,West,No
65,29,187,11300,490,510,4,Female,No,Home,Hourly,South,Yes
66,27,162,20900,580,100,0,Male,No,Home,Hourly,South,No
67,32,168,16300,4260,3280,8,Female,No,Home,Salaried,West,Yes
68,26,203,8000,980,1300,10,Female,No,Condo,Hourly,East,Yes
69,26,186,12000,1270,1980,5,Female,No,Home,Hourly,South,No
70,52,251,124600,11000,850,4,Female,No,Condo,Salaried,West,Yes
71,52,148,106900,7430,3990,6,Male,No,Home,Salaried,West,Yes
72,54,142,20700,10910,2630,2,Female,Yes,Apt,Salaried,South,Yes
73,33,195,104600,8770,360,5,Male,Yes,Home,Salaried,West,Yes
74,37,211,56900,3160,6210,6,Male,No,Home,Hourly,South,Yes
75,29,196,10200,430,1500,5,Male,No,Home,Hourly,East,Yes
76,31,176,50300,7710,3250,10,Female,No,Home,Salaried,West,Yes
77,25,197,15600,1360,1670,6,Male,No,Apt,Hourly,West,Yes
78,40,194,46500,10450,6400,7,Female,No,Home,Salaried,South,Yes
79,35,199,3200,650,2900,10,Male,No,Apt,Salaried,East,Yes
80,40,158,22900,6020,440,5,Male,No,Condo,Salaried,West,Yes
81,41,160,34800,4720,230,3,Male,No,Home,Salaried,West,Yes
82,29,160,46100,14030,370,3,Male,No,Home,Salaried,South,No
83,30,209,33500,4550,1780,4,Male,No,Home,Hourly,East,Yes
84,50,231,190500,6300,4160,3,Male,No,Apt,Salaried,West,Yes
85,30,193,10100,3140,380,2,Female,No,Condo,Salaried,West,No
86,39,184,45400,7340,660,3,Male,No,Home,Hourly,West,No
87,35,202,38400,6960,1250,4,Male,Yes,Apt,Hourly,West,Yes
88,46,193,47800,6850,1060,2,Male,No,Condo,Salaried,East,No
89,35,182,51700,25880,1930,4,Female,No,Home,Salaried,South,Yes
90,34,190,16900,2320,3590,8,Male,No,Home,Hourly,West,Yes
91,34,166,30000,5550,2120,5,Female,No,Home,Hourly,West,No
92,41,183,78400,4500,540,3,Male,No,Home,Hourly,South,Yes
93,34,218,107200,2730,1970,7,Female,No,Apt,Salaried,East,Yes
94,24,224,30200,4530,3910,11,Male,No,Home,Salaried,South,Yes
95,27,237,67800,8140,1550,5,Female,No,Apt,Hourly,East,Yes
96,30,181,31100,12280,3680,8,Female,No,Condo,Salaried,West,Yes
97,39,168,47900,3010,830,3,Male,No,Home,Hourly,East,No
98,38,162,17400,1240,980,2,Female,Yes,Home,Hourly,West,Yes
99,42,156,21100,9270,230,0,Male,No,Apt,Salaried,West,Yes
100,36,155,13400,1650,320,3,Female,No,Apt,Hourly,East,No
101,29,209,39900,4240,700,3,Male,No,Condo,Salaried,East,Yes
102,45,214,36100,4510,1460,4,Male,No,Apt,Salaried,East,No
103,38,238,61200,10890,1820,4,Female,Yes,Condo,Salaried,West,Yes
104,55,208,62800,6490,1650,5,Male,No,Home,Hourly,South,Yes
105,40,184,77900,3230,3210,5,Male,No,Home,Salaried,West,Yes
106,60,194,37400,5110,670,3,Male,No,Condo,Salaried,East,No
107,49,236,56700,920,1680,4,Male,No,Home,Hourly,East,No
108,32,197,45200,5610,460,4,Female,No,Condo,Hourly,East,No
109,30,170,19300,6990,2020,7,Male,No,Condo,Salaried,West,Yes
110,30,200,141700,7670,370,1,Male,No,Home,Salaried,South,No
111,53,195,129900,8480,1050,8,Male,No,Home,Salaried,East,Yes
112,38,150,49600,7560,2020,2,Female,No,Home,Hourly,South,No
113,48,161,30800,2730,1080,3,Male,No,Home,Salaried,East,No
114,28,218,14800,1090,630,5,Male,No,Apt,Salaried,South,Yes
115,42,215,43800,2150,1250,8,Female,No,Home,Hourly,South,Yes
116,56,203,11100,1080,720,3,Male,No,Condo,Hourly,West,No
117,41,168,24400,3190,400,2,Female,No,Condo,Salaried,East,No
118,34,173,31500,6510,2340,7,Female,Yes,Home,Hourly,West,Yes
119,53,190,33100,4020,620,4,Male,Yes,Home,Salaried,East,Yes
120,30,177,37600,6270,2240,9,Male,No,Apt,Salaried,South,Yes
121,31,190,44000,5280,710,2,Male,Yes,Apt,Hourly,West,No
122,40,219,101400,9550,580,4,Male,No,Condo,Salaried,South,No
123,31,205,35200,9360,2890,11,Male,Yes,Apt,Salaried,South,Yes
124,44,235,16200,6130,930,7,Female,No,Apt,Salaried,South,No
125,37,225,27200,1220,100,2,Male,No,Apt,Hourly,South,No
126,44,154,21300,1470,3200,10,Female,No,Apt,Hourly,West,Yes
127,34,154,19300,3820,130,2,Male,No,Condo,Salaried,East,No
128,30,192,33500,11090,2700,7,Male,No,Home,Salaried,West,Yes
129,24,212,39000,5260,1060,4,Male,No,Home,Salaried,West,Yes
130,25,216,83000,24380,1690,6,Female,Yes,Apt,Salaried,West,Yes
131,51,166,69800,2860,370,4,Male,No,Condo,Salaried,East,No
132,30,182,15400,3390,2160,9,Female,No,Apt,Salaried,East,Yes
133,26,168,86700,15100,560,6,Female,No,Home,Salaried,West,Yes
134,32,163,21800,890,1060,8,Male,Yes,Condo,Salaried,West,Yes
135,32,234,28800,2910,350,1,Female,No,Condo,Hourly,East,No
136,30,199,80300,7200,590,2,Female,No,Home,Salaried,West,Yes
137,32,174,72700,5210,4080,9,Male,No,Apt,Salaried,East,Yes
138,28,169,42400,7970,400,1,Female,No,Home,Salaried,East,No
139,40,167,54900,11520,740,6,Female,No,Home,Salaried,West,Yes
140,28,235,23400,2950,600,7,Male,Yes,Home,Salaried,West,Yes
141,42,173,27100,3410,220,2,Male,No,Home,Hourly,East,No
142,34,179,7100,2480,350,3,Female,No,Home,Salaried,West,Yes
143,42,208,64400,10460,310,3,Female,Yes,Condo,Salaried,South,No
144,27,147,59600,7070,900,6,Female,No,Home,Salaried,South,Yes
145,45,186,8900,940,580,4,Male,No,Home,Hourly,West,Yes
146,47,191,21500,1700,4360,7,Female,No,Condo,Hourly,West,Yes
147,52,182,81900,3980,400,3,Male,No,Apt,Hourly,West,No
148,58,215,34600,3520,990,5,Male,Yes,Condo,Hourly,West,Yes
149,53,200,63100,4260,930,2,Male,Yes,Apt,Hourly,West,No
150,58,175,9600,1870,920,1,Female,No,Home,Salaried,East,No
151,24,178,97200,13400,400,2,Male,Yes,Condo,Salaried,East,No
152,33,207,55600,15990,930,6,Male,No,Apt,Salaried,West,Yes
153,52,220,38000,1070,0,2,Male,No,Condo,Salaried,West,No
154,29,182,21200,2320,1950,1,Female,No,Home,Salaried,West,Yes
155,29,188,20000,2270,1950,11,Male,No,Home,Hourly,West,Yes
156,37,154,56600,4820,1450,5,Female,No,Home,Hourly,East,No
157,44,213,26500,4560,510,4,Male,No,Home,Hourly,West,No
158,37,214,17800,12350,0,3,Male,Yes,Apt,Salaried,South,Yes
159,51,196,60200,1430,1570,5,Male,Yes,Home,Hourly,West,Yes
160,25,197,111100,16220,690,5,Female,Yes,Apt,Salaried,West,Yes
161,39,183,30500,4780,430,4,Male,No,Home,Salaried,West,Yes
162,33,161,41300,2500,2950,3,Male,No,Home,Hourly,East,No
163,32,179,34800,5870,850,5,Female,No,Apt,Salaried,South,Yes
164,28,169,49400,8880,480,1,Female,No,Condo,Hourly,East,No
165,29,194,56500,29970,3190,11,Female,No,Apt,Salaried,South,Yes
166,35,231,8600,2320,1310,10,Female,Yes,Apt,Salaried,West,Yes
167,48,179,93000,11580,460,7,Female,No,Apt,Hourly,East,No
168,47,162,81500,4370,490,6,Female,No,Home,Hourly,East,No
169,38,180,40500,2840,1180,5,Male,Yes,Apt,Hourly,West,No
170,40,204,5100,340,5070,4,Male,Yes,Apt,Hourly,East,No
171,42,188,33000,2570,1120,5,Male,Yes,Home,Hourly,South,No
172,25,179,79200,9440,1650,5,Male,No,Home,Salaried,West,Yes
173,53,248,38900,3030,1780,9,Male,No,Condo,Salaried,East,Yes
174,31,248,36400,8760,1010,5,Female,No,Home,Salaried,West,No
175,59,185,49700,5840,420,4,Male,No,Home,Salaried,East,No
176,40,212,39500,12130,1160,5,Male,No,Apt,Salaried,West,Yes
177,64,220,49800,11970,570,5,Male,No,Home,Salaried,West,Yes
178,35,229,9100,2050,4220,8,Male,No,Home,Hourly,South,Yes
179,33,185,51800,3810,3100,7,Male,No,Condo,Salaried,West,Yes
180,46,155,28300,1320,1400,1,Male,No,Apt,Hourly,West,No
181,29,253,147700,17270,1750,4,Female,No,Condo,Salaried,South,Yes
182,35,176,33100,6110,280,4,Female,No,Home,Salaried,South,Yes
183,46,197,41300,13710,490,0,Female,Yes,Condo,Hourly,South,No
184,42,165,86700,12770,1930,1,Female,Yes,Condo,Salaried,South,No
185,57,227,23900,4800,2460,6,Male,Yes,Condo,Salaried,West,Yes
186,43,205,22600,2000,2280,4,Male,No,Condo,Salaried,South,No
187,43,242,33300,4560,1290,2,Male,No,Condo,Hourly,West,Yes
188,48,203,56600,13550,1550,4,Male,No,Apt,Salaried,West,Yes
189,36,223,56300,4090,5480,6,Male,No,Apt,Salaried,West,Yes
190,29,172,23700,1130,120,1,Male,No,Apt,Salaried,West,Yes
191,32,190,6500,440,1590,4,Male,No,Condo,Salaried,West,Yes
192,35,171,98800,1730,1380,7,Male,No,Home,Salaried,West,Yes
193,46,206,43400,3820,650,6,Male,No,Home,Hourly,West,Yes
194,31,224,56000,5160,2090,9,Male,No,Apt,Hourly,West,Yes
195,50,213,6200,1380,850,7,Male,No,Condo,Salaried,South,Yes
196,23,163,27300,2880,550,3,Male,No,Home,Hourly,East,No
197,32,174,53900,19750,120,4,Female,No,Home,Salaried,East,No
198,53,187,18000,1300,100,1,Male,No,Home,Hourly,South,No
199,39,223,33700,3390,2090,7,Male,Yes,Apt,Salaried,West,Yes
200,48,186,34800,2040,1220,4,Male,No,Apt,Hourly,West,Yes
201,41,221,23700,830,760,1,Female,No,Condo,Hourly,East,No
202,39,155,44900,4390,940,5,Female,No,Home,Hourly,South,No
203,43,242,20600,3880,280,2,Male,No,Home,Salaried,South,No
204,34,162,41900,10920,990,6,Female,Yes,Home,Salaried,West,Yes
205,26,188,57700,4600,930,11,Female,No,Condo,Salaried,West,Yes
206,24,186,77000,10750,2400,5,Male,No,Home,Hourly,East,No
207,47,185,18100,130,1760,6,Male,No,Home,Hourly,West,No
208,58,194,65400,3960,2500,10,Female,No,Apt,Salaried,East,Yes
209,30,164,65500,2220,2730,9,Female,No,Home,Hourly,West,Yes
210,25,190,74800,16800,1510,5,Female,No,Apt,Salaried,East,Yes
211,48,196,13300,3620,170,5,Male,No,Apt,Salaried,East,No
212,40,198,14200,4950,4000,7,Female,Yes,Home,Hourly,West,Yes
213,51,150,3800,530,190,5,Male,No,Apt,Hourly,East,No
214,42,195,80800,9550,2360,11,Female,No,Home,Salaried,West,Yes
215,29,156,64300,8580,2560,7,Male,Yes,Home,Salaried,West,Yes
216,40,188,46300,16330,560,4,Female,No,Condo,Salaried,South,No
217,39,190,8500,460,1400,7,Male,No,Home,Hourly,West,Yes
218,40,211,44900,10120,2730,4,Female,No,Home,Salaried,South,Yes
219,48,189,38800,1770,1640,8,Female,No,Apt,Hourly,South,Yes
220,41,194,76600,1880,1030,5,Male,No,Home,Salaried,South,Yes
221,32,179,50900,11880,1500,6,Male,No,Condo,Salaried,South,Yes
222,59,206,44400,4290,510,3,Female,No,Condo,Hourly,South,No
223,35,225,36500,3850,80,0,Female,No,Home,Hourly,West,No
224,41,197,48600,920,2100,8,Male,No,Condo,Hourly,West,Yes
225,55,177,47100,5050,590,5,Male,Yes,Apt,Salaried,West,Yes
226,31,223,42900,4330,590,7,Female,No,Condo,Salaried,West,Yes
227,40,160,39300,6060,1380,4,Male,Yes,Condo,Hourly,West,Yes
228,29,228,21000,2090,170,2,Female,No,Apt,Hourly,West,Yes
229,52,200,43300,4140,910,6,Female,No,Condo,Hourly,South,No
230,33,168,43300,3390,2590,5,Male,No,Condo,Hourly,East,Yes
231,38,180,31800,4610,1570,2,Female,No,Apt,Hourly,East,No
232,47,211,59800,2950,1560,3,Male,No,Condo,Hourly,East,Yes
233,56,156,15200,3900,1290,7,Male,Yes,Condo,Salaried,South,Yes
234,53,232,22500,1230,230,3,Female,No,Home,Hourly,South,No
235,27,173,43300,6670,4600,8,Female,No,Condo,Salaried,East,Yes
236,22,185,44100,3440,1070,6,Male,No,Condo,Hourly,South,Yes
237,43,217,17600,10660,730,4,Female,No,Apt,Salaried,West,Yes
238,34,255,51400,12480,2270,10,Female,No,Condo,Salaried,West,Yes
239,44,186,78300,1140,1020,4,Female,No,Condo,Salaried,South,No
240,39,235,71800,19510,1130,5,Male,No,Home,Salaried,West,Yes
241,27,232,9900,700,2010,6,Female,No,Apt,Hourly,East,Yes
242,30,165,19600,6980,600,3,Female,No,Apt,Salaried,West,Yes
243,28,188,54600,7070,2400,6,Male,No,Condo,Hourly,West,Yes
244,29,187,30300,9070,2510,9,Male,No,Home,Salaried,West,Yes
245,27,219,18300,1040,1230,10,Female,No,Apt,Salaried,West,Yes
246,29,189,12100,1310,2880,7,Male,Yes,Apt,Hourly,West,Yes
247,24,212,48000,29910,650,5,Male,No,Condo,Salaried,East,Yes
248,54,157,44500,3610,700,2,Male,No,Home,Hourly,East,No
249,24,163,73500,3960,1140,6,Female,No,Home,Hourly,West,Yes
250,59,155,83600,10170,2140,3,Male,No,Home,Hourly,South,No
251,41,173,41500,11610,210,2,Male,No,Home,Salaried,South,Yes
252,29,228,91600,2940,710,4,Male,No,Condo,Hourly,West,Yes
253,30,215,47500,1560,1680,6,Female,No,Home,Salaried,West,Yes
254,42,245,21900,4090,1040,7,Female,No,Home,Hourly,West,No
255,40,183,62000,22300,1220,4,Male,No,Home,Salaried,East,Yes
256,42,234,20100,1490,1070,5,Female,No,Apt,Salaried,East,Yes
257,28,215,22200,2250,2170,1,Male,No,Home,Hourly,West,No
258,33,164,47200,5980,860,6,Female,No,Apt,Salaried,East,Yes
259,32,179,46300,13340,2060,3,Male,No,Condo,Salaried,West,Yes
260,32,165,135500,9020,830,4,Female,Yes,Home,Salaried,West,Yes
261,48,178,21600,1780,150,2,Male,No,Apt,Salaried,East,No
262,35,227,67800,11530,400,1,Female,No,Condo,Salaried,East,No
263,39,210,23500,1140,1010,6,Female,No,Home,Hourly,West,Yes
264,27,212,14000,7890,630,4,Male,No,Home,Salaried,South,Yes
265,31,177,74600,3770,1500,6,Female,No,Apt,Salaried,West,Yes
266,40,189,107700,7160,1260,3,Female,Yes,Apt,Salaried,South,Yes
267,48,163,76600,2800,340,1,Male,No,Apt,Hourly,East,No
268,49,219,65300,1640,780,7,Female,No,Apt,Hourly,East,Yes
269,43,201,58600,3810,5350,6,Female,No,Condo,Hourly,East,No
270,49,193,74800,29370,550,3,Female,Yes,Apt,Salaried,South,Yes
271,42,149,34100,7640,3520,6,Male,No,Condo,Salaried,East,No
272,37,192,47100,5620,1640,5,Male,No,Apt,Hourly,South,No
273,46,237,7200,650,950,7,Female,No,Home,Hourly,West,Yes
274,28,178,30000,4120,2020,6,Female,No,Condo,Hourly,South,Yes
275,33,191,43500,7670,1450,2,Female,No,Condo,Salaried,East,No
276,36,186,36900,10650,7000,5,Male,No,Condo,Salaried,West,Yes
277,59,188,124800,8570,730,3,Female,Yes,Apt,Salaried,West,No
278,29,207,48300,11120,2010,7,Female,No,Home,Hourly,South,Yes
279,31,170,29300,1550,1200,2,Male,No,Apt,Hourly,East,No
280,52,192,27400,2380,1750,6,Male,No,Home,Hourly,South,Yes
281,47,151,73200,4160,770,5,Male,No,Home,Hourly,East,No
282,32,207,14100,1460,1630,3,Female,No,Home,Hourly,East,No
283,41,168,50200,8480,910,4,Female,No,Condo,Hourly,East,No
284,26,163,14600,1310,1770,3,Male,No,Condo,Hourly,South,No
285,27,211,55300,5520,200,1,Female,No,Condo,Salaried,East,No
286,30,163,46700,3990,990,5,Male,No,Home,Salaried,South,Yes
287,52,201,74400,3810,670,7,Male,Yes,Apt,Salaried,East,Yes
288,39,197,8300,2010,640,10,Male,Yes,Apt,Salaried,West,Yes
289,53,210,34100,3380,1940,3,Male,No,Home,Hourly,East,No
290,28,201,62700,15270,740,6,Male,Yes,Condo,Salaried,West,Yes
291,26,190,86900,12350,2610,8,Male,Yes,Home,Salaried,South,Yes
292,29,179,17500,1040,1960,5,Female,No,Home,Hourly,West,No
293,38,184,54100,10580,940,3,Female,No,Home,Salaried,South,No
294,27,197,43500,7940,1610,7,Female,No,Home,Hourly,West,No
295,29,166,24700,1790,790,5,Male,No,Home,Hourly,East,Yes
296,39,197,53500,3120,1230,11,Female,No,Home,Salaried,West,Yes
297,51,191,62200,4850,1960,4,Female,No,Home,Salaried,East,No
298,40,189,49900,23140,780,5,Male,No,Home,Salaried,South,Yes
299,29,249,9000,450,1560,8,Female,No,Condo,Hourly,West,Yes
300,46,213,31600,5650,340,4,Male,No,Home,Hourly,South,No
301,37,157,42500,740,2650,3,Male,No,Condo,Hourly,East,No
302,42,182,49000,1820,2090,6,Female,No,Home,Hourly,East,No
303,50,201,38400,3540,280,2,Female,No,Home,Hourly,East,No
304,22,228,28900,2620,340,2,Male,No,Condo,Salaried,West,No
305,62,206,17700,1680,470,2,Male,No,Home,Hourly,South,No
306,34,158,32700,4190,910,7,Male,No,Home,Salaried,West,Yes
307,31,166,44700,1940,460,3,Male,No,Home,Hourly,South,No
308,34,228,17000,2280,2020,5,Female,No,Condo,Hourly,West,No
309,38,238,82700,7850,460,4,Male,No,Home,Salaried,East,No
310,57,237,42500,2100,1070,4,Male,No,Home,Salaried,East,No
311,33,167,25400,6820,1350,3,Male,Yes,Apt,Salaried,East,Yes
312,45,170,28500,4160,370,5,Female,No,Condo,Hourly,West,Yes
313,38,161,21500,7950,1820,6,Male,Yes,Apt,Salaried,West,Yes
314,27,167,121600,13580,0,0,Female,No,Condo,Salaried,West,No
315,31,239,108800,7660,1990,5,Male,Yes,Apt,Salaried,West,Yes
316,45,176,75300,4390,520,5,Male,No,Apt,Salaried,South,Yes
317,28,210,125300,12440,2480,5,Male,No,Condo,Salaried,West,Yes
318,45,199,42000,4130,1090,4,Male,No,Apt,Hourly,East,No
319,37,191,13800,1320,440,3,Female,No,Home,Hourly,West,No
320,29,200,54000,3270,2920,7,Female,Yes,Apt,Salaried,South,Yes
321,36,192,45200,4970,570,9,Male,No,Condo,Hourly,West,Yes
322,55,164,19100,890,670,3,Female,No,Home,Hourly,East,No
323,45,225,78700,6100,870,2,Female,No,Condo,Hourly,East,No
324,29,210,21900,2050,720,2,Male,No,Condo,Hourly,South,No
325,51,210,75800,7930,170,2,Male,No,Home,Salaried,South,Yes
326,34,184,22300,620,160,1,Female,No,Apt,Hourly,South,No
327,27,167,38900,4890,1990,7,Female,No,Condo,Salaried,South,Yes
328,43,183,7400,610,1200,4,Female,No,Home,Hourly,South,No
329,44,186,39300,2970,440,9,Female,No,Home,Hourly,East,Yes
330,34,209,20500,5030,1600,4,Female,No,Home,Salaried,East,No
331,48,180,18800,1110,590,3,Female,No,Condo,Hourly,East,No
332,39,197,120400,3210,640,4,Male,No,Home,Salaried,East,No
333,28,194,40200,6680,410,5,Male,No,Condo,Hourly,West,Yes
334,30,206,18500,2220,810,2,Male,No,Apt,Hourly,West,No
335,33,173,20500,2930,270,3,Female,No,Home,Hourly,East,No
336,43,171,98100,4030,380,2,Male,No,Home,Salaried,South,No
337,30,227,41200,15360,1750,6,Female,No,Apt,Salaried,East,Yes
338,22,180,34000,26420,480,6,Male,No,Home,Salaried,East,No
339,49,179,49400,9340,1080,8,Male,No,Home,Salaried,East,Yes
340,50,179,51700,23910,0,0,Female,No,Condo,Salaried,East,No
341,24,169,25800,4740,1830,6,Female,Yes,Apt,Salaried,West,Yes
342,60,200,83300,3230,0,1,Female,No,Condo,Salaried,West,No
343,40,178,56400,1410,1170,4,Male,No,Home,Salaried,East,Yes
344,36,244,78200,6620,2560,6,Female,No,Home,Salaried,South,Yes
345,32,151,32000,8720,830,8,Female,No,Condo,Hourly,West,Yes
346,29,177,20400,340,2860,5,Female,No,Condo,Hourly,West,Yes
347,28,196,74900,17890,730,4,Female,No,Home,Salaried,South,Yes
348,48,179,51600,21370,1190,6,Male,No,Home,Salaried,West,No
349,45,149,52900,6780,4510,10,Male,No,Home,Hourly,West,Yes
350,36,175,17600,1190,1870,5,Female,No,Home,Hourly,West,No
351,43,231,19400,1800,500,8,Female,No,Condo,Hourly,West,Yes
352,50,168,52300,2900,1150,11,Female,No,Apt,Salaried,South,Yes
353,56,197,60900,1860,1600,2,Female,No,Home,Hourly,West,Yes
354,31,157,31700,7180,1560,6,Female,Yes,Apt,Salaried,East,Yes
355,29,195,49100,7830,2050,7,Male,No,Apt,Salaried,West,Yes
356,47,174,38900,9450,2330,5,Male,No,Apt,Salaried,West,Yes
357,32,203,46900,8620,920,9,Female,No,Home,Hourly,South,Yes
358,29,250,43700,5020,1370,4,Male,No,Home,Salaried,West,Yes
359,27,223,26100,2090,1550,7,Male,No,Home,Hourly,West,Yes
360,64,214,15500,2040,670,3,Male,No,Condo,Hourly,East,No
361,42,230,60100,3820,860,5,Male,No,Home,Hourly,West,Yes
362,45,229,20600,4140,650,2,Female,No,Condo,Salaried,East,No
363,37,193,87200,6060,2350,4,Female,No,Condo,Salaried,South,No
364,36,188,66800,6270,310,3,Male,No,Condo,Salaried,East,No
365,39,163,22800,4860,1000,8,Male,No,Home,Salaried,East,Yes
366,41,158,51500,11820,2690,5,Male,No,Home,Salaried,South,No
367,46,240,39200,3450,390,1,Male,Yes,Home,Salaried,East,No
368,43,183,9900,620,220,3,Male,No,Home,Hourly,East,Yes
369,34,233,65600,7700,3550,8,Female,Yes,Home,Salaried,West,Yes
370,40,184,27900,1230,370,2,Male,No,Apt,Hourly,South,No
371,43,219,130700,4290,2490,7,Male,No,Condo,Salaried,West,Yes
372,40,210,56200,16390,1210,7,Male,No,Condo,Salaried,South,Yes
373,36,188,70700,25030,4320,3,Male,No,Home,Salaried,East,No
374,39,150,35200,3920,890,3,Male,No,Home,Hourly,East,Yes
375,29,216,12100,2670,2100,5,Male,No,Condo,Salaried,West,Yes
376,37,186,64300,4340,870,1,Female,No,Condo,Hourly,East,No
377,25,175,55200,7240,5040,11,Male,No,Apt,Salaried,West,Yes
378,54,182,57600,5430,1440,4,Male,No,Home,Salaried,East,Yes
379,40,191,12300,2500,140,0,Female,Yes,Apt,Salaried,West,Yes
380,29,196,54900,8670,460,1,Female,Yes,Condo,Hourly,South,Yes
381,41,210,28100,3250,410,3,Male,Yes,Home,Hourly,East,No
382,30,225,28000,6260,850,5,Male,No,Home,Hourly,West,Yes
383,37,163,54500,13660,1740,5,Female,No,Condo,Salaried,West,Yes
384,33,220,107500,9810,1980,10,Male,No,Apt,Salaried,West,Yes
385,34,159,50900,1870,480,6,Male,No,Home,Salaried,West,Yes
386,30,226,72700,4440,650,3,Male,Yes,Apt,Salaried,West,Yes
387,52,210,100600,17110,5840,11,Female,No,Condo,Salaried,West,Yes
388,24,205,82900,10330,1390,6,Male,Yes,Home,Salaried,West,Yes
389,38,220,15200,3650,550,4,Female,No,Home,Salaried,West,Yes
390,57,225,11100,1110,150,4,Male,No,Condo,Salaried,South,No
391,54,218,72200,4840,760,2,Male,No,Home,Hourly,South,No
392,29,217,120000,10320,480,3,Female,No,Home,Salaried,East,No
393,34,208,38400,4120,450,4,Male,No,Apt,Hourly,East,No
394,44,181,28900,2070,750,7,Male,No,Condo,Salaried,East,No
395,31,171,21900,5300,2850,9,Male,Yes,Home,Salaried,West,Yes
396,25,197,42600,7990,6430,10,Male,No,Home,Salaried,East,Yes
397,27,213,47000,9690,3750,6,Male,No,Apt,Salaried,West,Yes
398,40,218,15900,2330,960,6,Male,No,Apt,Salaried,West,Yes
399,57,187,68700,2430,840,4,Male,No,Apt,Salaried,South,No
400,39,213,25500,1180,1240,4,Male,No,Home,Hourly,West,No
401,37,169,32600,2310,3980,3,Female,No,Condo,Hourly,East,No
402,56,173,48000,14670,0,0,Male,No,Home,Salaried,East,No
403,53,188,48600,3820,580,1,Female,No,Apt,Hourly,West,No
404,46,174,35200,5130,0,1,Female,No,Condo,Hourly,East,No
405,28,217,24200,2600,830,3,Male,No,Condo,Salaried,South,No
406,41,177,48900,8950,2300,5,Male,Yes,Apt,Salaried,East,No
407,30,192,45000,28240,1640,8,Male,No,Condo,Salaried,West,Yes
408,41,151,45600,4320,540,1,Female,No,Home,Hourly,South,No
409,52,189,70500,3740,1410,7,Male,Yes,Apt,Salaried,South,Yes
410,41,183,40000,960,90,1,Female,No,Apt,Salaried,West,No
411,47,166,71900,5370,2680,6,Male,No,Apt,Salaried,South,Yes
412,51,222,64400,16180,880,3,Male,No,Apt,Salaried,South,No
413,51,191,27200,2600,540,4,Female,No,Home,Hourly,West,Yes
414,39,173,60700,12790,2510,4,Male,No,Condo,Salaried,South,Yes
415,31,164,42800,8700,1360,7,Female,No,Apt,Salaried,West,Yes
416,51,177,61400,8790,1720,6,Female,Yes,Apt,Salaried,East,No
417,38,193,22600,1000,0,0,Male,No,Apt,Hourly,South,No
418,36,186,10400,1510,260,5,Male,No,Home,Hourly,West,Yes
419,42,207,31100,1540,1560,9,Male,Yes,Apt,Hourly,South,Yes
420,27,191,27800,1090,2860,7,Male,No,Apt,Salaried,West,Yes
421,36,181,21200,5820,830,3,Male,No,Condo,Salaried,East,No
422,43,253,36600,7220,3400,9,Female,No,Home,Hourly,East,Yes
423,30,156,32800,350,600,5,Female,No,Apt,Salaried,East,No
424,48,221,44700,3340,330,2,Male,No,Home,Salaried,West,No
425,27,167,54900,12080,1100,5,Male,No,Apt,Salaried,East,No
426,32,214,49500,23640,1190,8,Male,No,Apt,Salaried,West,Yes
427,49,196,33500,2730,1090,2,Male,Yes,Apt,Hourly,East,No
428,30,163,41100,5080,520,5,Male,No,Home,Hourly,East,Yes
429,55,208,52100,7870,240,2,Female,No,Home,Salaried,West,No
430,39,178,33300,1810,470,1,Female,No,Home,Hourly,East,No
431,33,175,14100,1650,490,1,Female,No,Condo,Hourly,South,No
432,45,205,30800,3550,530,2,Male,No,Apt,Hourly,East,No
433,31,182,65800,1150,3250,7,Female,No,Apt,Salaried,West,Yes
434,49,235,14200,3200,1620,7,Female,No,Apt,Hourly,West,No
435,48,192,23900,2130,150,1,Female,No,Condo,Hourly,South,No
436,39,175,58600,7280,110,3,Female,No,Condo,Hourly,South,No
437,28,157,15800,3550,3690,5,Male,No,Condo,Hourly,East,No
438,43,189,16000,2050,330,2,Male,No,Home,Hourly,South,No
439,51,229,11200,320,130,2,Male,No,Apt,Hourly,South,No
440,25,187,8300,920,3430,5,Male,No,Condo,Hourly,East,Yes
441,41,181,15400,850,2260,9,Female,No,Home,Hourly,South,Yes
442,30,183,17000,1690,3560,4,Female,No,Condo,Hourly,East,No
443,31,175,65700,10900,670,7,Male,No,Apt,Salaried,West,Yes
444,28,227,13900,490,1280,7,Female,No,Apt,Hourly,West,Yes
445,32,197,40100,6770,3360,8,Female,No,Home,Salaried,West,Yes
446,48,179,55800,6800,1280,8,Female,No,Home,Salaried,South,Yes
447,57,201,23900,9300,480,4,Female,No,Condo,Salaried,West,No
448,32,169,53100,2270,0,2,Female,No,Home,Hourly,West,No
449,34,218,72900,5130,510,4,Female,Yes,Apt,Salaried,West,Yes
450,54,180,16800,1950,910,2,Female,No,Home,Hourly,East,No
451,54,176,50400,11930,1530,2,Female,No,Home,Salaried,West,Yes
452,28,230,25700,3110,2370,8,Male,No,Apt,Salaried,South,Yes
453,32,174,24800,3960,920,4,Male,No,Home,Hourly,East,No
454,45,194,65200,3250,850,2,Female,No,Home,Salaried,East,No
455,29,217,32100,3060,2470,3,Male,No,Condo,Hourly,East,No
456,34,166,90900,33870,1350,6,Male,No,Home,Salaried,South,Yes
457,47,179,36300,6240,2790,3,Male,No,Condo,Hourly,East,Yes
458,29,171,29200,2880,1890,3,Female,Yes,Condo,Salaried,West,Yes
459,25,169,76200,22590,640,9,Female,No,Condo,Salaried,South,Yes
460,59,169,104200,7800,1480,4,Female,No,Home,Salaried,South,Yes
461,29,176,46300,15060,680,8,Female,Yes,Home,Salaried,West,Yes
462,31,225,21300,4530,2090,7,Male,No,Condo,Salaried,West,Yes
463,50,200,48200,7070,710,8,Female,No,Apt,Salaried,West,Yes
464,24,191,70500,7360,1450,7,Male,No,Apt,Salaried,East,Yes
465,50,233,50600,11970,460,4,Male,No,Home,Salaried,East,No
466,50,185,36000,11030,0,1,Female,No,Apt,Salaried,South,No
467,44,254,32300,6900,1030,4,Female,No,Condo,Salaried,West,Yes
468,44,210,26800,2210,1600,8,Male,No,Home,Hourly,West,Yes
469,32,185,113000,8300,4310,4,Male,No,Apt,Salaried,West,Yes
470,58,177,29700,5150,1220,3,Male,No,Home,Hourly,West,No
471,46,197,47600,4390,1230,5,Male,No,Apt,Salaried,East,Yes
472,46,204,46900,12770,1130,3,Male,No,Home,Salaried,West,Yes
473,40,144,137100,7300,970,8,Female,No,Home,Salaried,West,Yes
474,25,184,26500,2540,720,2,Female,No,Home,Salaried,East,No
475,37,205,30800,3410,1670,6,Male,No,Condo,Salaried,West,Yes
476,46,227,13600,1800,2370,6,Male,No,Condo,Hourly,West,Yes
477,33,175,107100,16870,5340,8,Male,No,Condo,Salaried,West,Yes
478,37,205,25500,2780,730,4,Male,No,Home,Hourly,East,No
479,39,221,2600,440,520,0,Female,No,Apt,Hourly,East,No
480,35,189,48300,5350,1590,5,Male,No,Condo,Salaried,East,Yes
481,29,190,42200,5540,2000,5,Female,No,Apt,Hourly,West,Yes
482,39,212,56800,19750,1870,7,Male,No,Apt,Salaried,West,Yes
483,38,186,65900,9690,0,1,Male,Yes,Home,Salaried,South,No
484,44,193,107800,7810,1080,12,Female,No,Condo,Salaried,West,Yes
485,56,177,15300,550,620,4,Female,No,Home,Hourly,South,No
486,47,180,83700,12480,1620,7,Male,No,Home,Salaried,South,Yes
487,30,171,60200,14320,1790,8,Male,No,Home,Salaried,East,Yes
488,45,157,95500,16130,470,2,Male,No,Apt,Salaried,East,Yes
489,41,249,38600,5270,770,5,Male,No,Home,Hourly,East,No
490,34,212,47500,21300,2840,4,Female,No,Home,Salaried,East,No
491,22,214,62900,5320,610,6,Female,No,Home,Salaried,West,Yes
492,34,174,8700,430,350,5,Male,No,Condo,Hourly,South,Yes
493,38,204,77500,7930,1180,3,Male,No,Condo,Hourly,West,Yes
494,47,168,5800,810,640,5,Male,No,Apt,Hourly,East,No
495,61,185,51700,3380,0,0,Male,No,Home,Hourly,West,No
496,33,183,24100,4230,1830,11,Male,No,Home,Salaried,West,Yes
497,35,167,59700,6330,2380,10,Female,No,Home,Salaried,West,Yes
498,37,238,26500,3070,260,2,Female,No,Home,Salaried,West,Yes
499,45,176,59800,14850,1210,3,Female,No,Home,Salaried,West,No
500,27,237,43200,4220,140,4,Female,No,Condo,Hourly,West,Yes
501,34,171,23200,3320,990,3,Male,No,Home,Hourly,South,No
502,33,162,31300,4060,1140,4,Female,No,Home,Salaried,West,Yes
503,34,218,155600,3890,1320,3,Male,No,Condo,Salaried,East,Yes
504,47,174,122900,8020,100,3,Male,Yes,Apt,Salaried,West,Yes
505,25,151,29700,3790,3670,4,Male,Yes,Home,Salaried,West,Yes
506,36,225,40500,4490,3180,3,Male,No,Home,Salaried,East,Yes
507,45,192,54600,6030,3580,9,Male,No,Home,Salaried,West,Yes
508,39,192,39400,3470,3480,8,Male,Yes,Home,Salaried,East,Yes
509,29,196,12800,1040,5220,10,Male,No,Condo,Hourly,East,Yes
510,36,175,41600,3460,1320,5,Male,No,Home,Hourly,East,Yes
511,39,174,76000,690,2640,9,Male,No,Home,Salaried,South,Yes
512,26,196,63800,19210,600,2,Male,Yes,Home,Salaried,West,Yes
513,28,182,63900,10120,1200,4,Male,No,Apt,Hourly,South,No
514,52,194,37900,2100,1950,1,Female,No,Home,Hourly,South,No
515,59,209,49900,1350,230,1,Female,No,Home,Hourly,South,No
516,43,193,149600,13290,690,7,Male,No,Condo,Salaried,West,Yes
517,29,175,30700,5870,650,2,Male,No,Home,Hourly,East,No
518,34,146,8500,980,310,4,Female,No,Apt,Hourly,East,No
519,42,193,47100,5690,1130,5,Female,No,Condo,Hourly,East,No
520,36,257,47500,10770,1270,4,Male,Yes,Condo,Hourly,East,No
521,25,145,83500,2530,1010,5,Female,No,Home,Hourly,West,Yes
522,35,216,46500,2700,1480,3,Male,Yes,Home,Salaried,West,Yes
523,30,193,23600,5100,580,3,Male,No,Home,Salaried,West,No
524,50,157,27100,4750,2280,5,Female,No,Condo,Hourly,South,No
525,33,185,10000,790,1030,3,Female,No,Apt,Hourly,West,No
526,48,183,9600,280,320,2,Female,No,Home,Hourly,West,Yes
527,38,227,46300,290,420,2,Female,No,Apt,Hourly,West,No
528,57,207,35000,2410,340,3,Male,No,Condo,Hourly,South,No
529,27,198,10500,2890,3020,8,Female,No,Condo,Salaried,West,Yes
530,34,173,22600,2420,3410,10,Male,No,Condo,Hourly,West,Yes
531,31,213,42900,2820,720,3,Female,No,Home,Salaried,South,Yes
532,33,205,8300,350,860,5,Female,Yes,Home,Hourly,South,Yes
533,46,222,32500,3640,680,2,Female,No,Home,Salaried,West,Yes
534,24,199,8500,290,2160,7,Female,No,Home,Hourly,West,Yes
535,31,162,49200,1750,860,6,Female,Yes,Condo,Salaried,West,Yes
536,36,206,19400,3770,520,1,Male,Yes,Home,Salaried,East,Yes
537,33,233,12500,1330,1040,5,Male,No,Home,Hourly,East,Yes
538,44,217,77400,860,810,1,Male,No,Apt,Salaried,South,No
539,45,229,32800,4660,70,1,Male,No,Home,Salaried,East,No
540,35,232,40400,8210,770,4,Male,No,Home,Salaried,West,Yes
541,43,208,28900,1210,2440,10,Female,No,Home,Salaried,West,Yes
542,46,165,20500,3140,900,5,Male,No,Condo,Salaried,East,Yes
543,24,187,48000,5230,1770,8,Male,No,Apt,Salaried,East,Yes
544,41,194,28000,4150,0,0,Female,No,Condo,Hourly,West,No
545,49,173,47300,3130,2740,6,Male,No,Apt,Salaried,West,No
546,49,160,23600,4910,1660,4,Female,No,Condo,Salaried,East,No
547,33,210,34900,5230,370,3,Female,No,Home,Salaried,West,Yes
548,45,152,65200,2690,820,3,Female,No,Home,Hourly,East,No
549,31,210,54700,6580,780,0,Male,No,Apt,Salaried,West,Yes
550,42,193,49100,6300,410,4,Female,No,Apt,Salaried,West,Yes
551,40,196,23300,2350,5760,7,Male,No,Home,Hourly,West,Yes
552,46,207,27800,2140,1220,1,Female,No,Condo,Hourly,East,No
553,28,171,7900,770,440,4,Male,No,Home,Hourly,East,No
554,32,192,21700,5790,700,3,Male,No,Home,Hourly,East,No
555,42,250,23400,680,1060,7,Male,Yes,Apt,Salaried,East,Yes
556,54,196,30500,1810,2020,2,Female,No,Home,Hourly,West,Yes
557,39,153,75800,3510,1110,3,Female,No,Home,Hourly,West,Yes
558,40,178,59700,6840,1390,3,Female,No,Apt,Hourly,West,No
559,47,205,47400,4830,910,2,Male,Yes,Apt,Hourly,West,Yes
560,49,197,8600,640,200,0,Male,No,Condo,Hourly,West,No
561,42,157,26200,3000,1990,3,Male,Yes,Home,Hourly,West,Yes
562,29,177,26500,13310,310,6,Female,No,Home,Salaried,South,Yes
563,32,221,19100,440,770,3,Male,No,Apt,Hourly,East,No
564,40,195,41700,3570,2040,5,Female,No,Apt,Salaried,East,No
565,47,186,21600,3510,720,1,Male,No,Condo,Hourly,East,No
566,41,216,31800,2880,3190,4,Female,No,Home,Salaried,East,No
567,33,169,45800,5190,870,10,Male,No,Home,Salaried,East,Yes
568,53,182,52500,7990,7460,9,Male,No,Home,Salaried,South,Yes
569,27,173,21600,6560,1180,7,Male,Yes,Apt,Salaried,South,Yes
570,28,183,30900,3280,770,4,Female,No,Condo,Salaried,East,Yes
571,34,172,66700,3270,1270,4,Male,No,Condo,Salaried,West,No
572,52,177,19400,1730,600,4,Male,No,Home,Hourly,South,Yes
573,51,201,53000,7020,0,0,Female,No,Home,Hourly,West,No
574,33,184,45500,7640,2730,4,Male,No,Apt,Hourly,South,No
575,56,155,26300,2000,1730,4,Male,No,Home,Hourly,West,No
576,45,214,64900,13660,880,7,Female,No,Home,Salaried,East,Yes
577,39,203,14200,620,1770,5,Female,No,Home,Hourly,West,No
578,49,249,26500,5280,380,7,Male,No,Condo,Salaried,West,Yes
579,32,163,25500,610,2280,4,Female,Yes,Home,Hourly,South,No
580,40,192,3100,210,570,5,Male,No,Apt,Hourly,South,Yes
581,55,193,9500,670,90,3,Female,No,Apt,Hourly,East,No
582,37,224,152800,1700,770,4,Female,No,Home,Salaried,West,Yes
583,36,171,15900,1330,660,3,Female,No,Condo,Hourly,East,No
584,31,239,50000,16650,350,3,Male,No,Apt,Hourly,South,No
585,57,201,54100,12730,500,5,Female,No,Home,Salaried,East,No
586,32,214,43400,2160,330,1,Female,No,Apt,Hourly,East,No
587,31,170,19000,2140,750,3,Male,No,Home,Salaried,West,Yes
588,32,240,67500,5870,3000,7,Female,Yes,Apt,Salaried,West,Yes
589,28,179,84400,19030,990,0,Male,No,Home,Salaried,South,No
590,38,174,98400,13890,1450,10,Female,Yes,Home,Salaried,West,Yes
591,58,174,77600,8480,850,3,Female,No,Home,Hourly,West,No
592,25,213,63500,4020,3120,9,Male,No,Home,Salaried,South,Yes
593,33,180,49800,11440,2830,9,Female,No,Apt,Salaried,East,Yes
594,32,187,28700,1530,680,2,Male,No,Condo,Hourly,West,Yes
595,38,175,30000,10280,680,7,Male,No,Condo,Salaried,West,Yes
596,37,175,41600,1110,450,2,Male,No,Home,Hourly,East,No
597,48,214,48000,4670,1770,11,Female,Yes,Condo,Salaried,East,Yes
598,58,215,122800,7400,600,2,Male,No,Condo,Salaried,East,No
599,48,192,124400,3370,1460,2,Male,No,Condo,Salaried,South,No
600,36,155,92600,29080,1140,4,Female,No,Home,Salaried,East,No
601,54,229,23500,4680,880,3,Female,No,Home,Salaried,East,No
602,40,199,23600,9690,1040,4,Female,No,Apt,Salaried,East,No
603,31,180,83600,17520,1110,8,Male,Yes,Apt,Salaried,West,Yes
604,31,191,35900,4700,530,0,Male,Yes,Home,Hourly,West,Yes
605,36,153,64500,11040,900,6,Male,No,Home,Salaried,West,Yes
606,50,204,28100,1090,120,0,Female,No,Condo,Hourly,East,No
607,30,156,32200,2860,2820,10,Female,No,Condo,Salaried,South,Yes
608,52,203,31800,1830,290,3,Female,No,Condo,Hourly,West,Yes
609,30,218,45400,3610,1750,11,Male,No,Condo,Salaried,South,Yes
610,42,165,79400,3150,2320,10,Male,Yes,Apt,Salaried,West,Yes
611,36,154,25400,3160,680,3,Male,No,Condo,Salaried,West,Yes
612,31,177,21000,4230,590,4,Male,No,Apt,Salaried,West,Yes
613,40,190,41600,16320,3040,11,Female,Yes,Home,Salaried,East,Yes
614,43,201,95700,6750,1810,7,Female,Yes,Apt,Salaried,West,Yes
615,44,170,28700,2380,2720,9,Female,No,Home,Hourly,West,Yes
616,38,168,85700,25260,880,9,Female,No,Condo,Salaried,East,Yes
617,27,203,34800,2350,5700,9,Male,No,Apt,Salaried,South,Yes
618,35,176,28500,5090,360,5,Female,No,Condo,Salaried,East,No
619,31,225,30900,7350,850,6,Male,No,Home,Salaried,South,Yes
620,46,171,20800,2680,1770,6,Female,Yes,Condo,Hourly,West,Yes
621,41,210,29300,2480,3460,4,Male,No,Home,Hourly,East,No
622,45,180,24100,3140,1650,9,Male,Yes,Condo,Hourly,South,Yes
623,27,148,43900,7930,3320,8,Female,No,Condo,Hourly,West,Yes
624,48,201,17300,2030,710,7,Female,No,Home,Hourly,East,No
625,24,151,23200,1670,2250,5,Male,No,Home,Hourly,West,No
626,46,206,30300,7690,970,7,Male,Yes,Home,Hourly,West,No
627,56,156,10600,1030,1000,7,Female,No,Home,Hourly,South,No
628,44,218,48200,9220,1700,4,Male,No,Home,Salaried,West,Yes
629,42,188,70400,3800,1000,2,Male,No,Home,Hourly,South,No
630,28,166,33300,2070,2210,6,Female,No,Apt,Hourly,East,Yes
631,34,177,17600,1600,1800,1,Female,Yes,Apt,Hourly,East,No
632,29,217,19100,1700,3030,5,Female,No,Condo,Hourly,East,No
633,33,178,12000,1250,0,2,Female,No,Condo,Hourly,South,No
634,27,248,39400,7650,710,5,Female,No,Condo,Salaried,West,No
635,53,231,34500,5800,680,3,Male,Yes,Condo,Salaried,East,Yes
636,30,227,31700,6350,4640,5,Male,No,Apt,Salaried,South,Yes
637,30,171,39800,6450,1080,7,Female,No,Condo,Hourly,West,Yes
638,32,174,67000,4770,440,2,Female,No,Home,Hourly,West,No
639,48,212,47300,1760,140,3,Female,No,Apt,Hourly,South,No
640,41,204,55100,1210,2390,5,Male,Yes,Home,Hourly,South,Yes
641,39,212,59300,5210,2040,5,Female,Yes,Apt,Salaried,West,Yes
642,34,177,44200,2600,1250,2,Female,Yes,Condo,Salaried,West,Yes
643,47,169,55800,4090,3310,5,Male,No,Home,Salaried,West,No
644,58,240,40600,2690,3330,8,Female,No,Apt,Salaried,West,Yes
645,30,215,56400,5380,1360,7,Female,No,Home,Salaried,South,Yes
646,26,167,48400,2960,1050,8,Male,No,Condo,Salaried,South,Yes
647,47,181,4900,150,2680,4,Male,No,Home,Hourly,East,No
648,30,169,38000,4390,550,3,Female,No,Home,Hourly,West,Yes
649,33,221,30200,5170,1010,1,Male,No,Home,Hourly,East,No
650,40,166,56600,3330,1000,7,Female,Yes,Condo,Hourly,South,Yes
651,36,171,132100,19050,2430,7,Male,Yes,Condo,Salaried,West,Yes
652,51,167,9300,1220,2410,3,Male,No,Condo,Salaried,East,No
653,49,236,48800,5050,160,6,Male,Yes,Home,Hourly,South,Yes
654,57,242,42400,26990,1420,2,Female,No,Home,Salaried,West,No
655,42,171,34700,1710,730,3,Female,No,Apt,Hourly,East,No
656,37,181,29100,7710,3470,6,Male,No,Home,Hourly,East,Yes
657,42,176,55000,15320,880,2,Male,No,Home,Salaried,East,No
658,53,188,38900,1010,630,4,Female,No,Apt,Hourly,West,No
659,28,178,51300,4560,190,2,Male,No,Apt,Hourly,East,No
660,36,173,96000,3860,810,3,Male,Yes,Condo,Hourly,South,Yes
661,31,163,26900,4480,2660,11,Female,No,Condo,Salaried,West,Yes
662,58,155,10300,1330,2470,5,Male,No,Condo,Hourly,East,No
663,49,205,37900,11330,150,1,Male,No,Home,Salaried,East,No
664,47,199,34400,4620,370,3,Female,Yes,Condo,Hourly,East,No
665,35,159,21300,1090,2360,4,Female,No,Apt,Salaried,West,Yes
666,30,175,23700,1720,2380,7,Male,No,Apt,Hourly,South,No
667,46,187,66500,26280,210,3,Male,Yes,Apt,Salaried,East,No
668,39,190,40000,6620,90,3,Female,No,Home,Salaried,East,No
669,35,165,26100,7030,1630,6,Female,Yes,Apt,Salaried,West,Yes
670,33,173,49700,5260,300,2,Female,No,Condo,Hourly,South,Yes
671,40,178,14600,1540,1400,4,Male,No,Apt,Salaried,South,Yes
672,34,218,33300,1980,3220,5,Female,No,Home,Hourly,East,No
673,45,191,54100,4370,450,0,Male,No,Condo,Hourly,East,No
674,62,170,107600,11890,3740,2,Female,No,Home,Salaried,South,No
675,26,149,50600,6530,210,1,Male,No,Home,Salaried,East,No
676,39,239,34500,6200,2590,8,Male,No,Condo,Salaried,West,Yes
677,41,145,30300,2520,570,3,Male,No,Home,Hourly,East,No
678,26,196,139400,29780,620,1,Female,No,Condo,Salaried,East,No
679,37,152,65600,18450,1680,5,Female,No,Condo,Salaried,West,Yes
680,47,235,33800,12150,950,2,Female,No,Home,Salaried,West,No
681,41,184,33800,5170,770,2,Female,No,Condo,Salaried,South,No
682,34,190,34700,10610,100,2,Female,Yes,Home,Salaried,South,No
683,41,160,60500,3390,240,4,Female,No,Condo,Salaried,East,No
684,35,244,130000,8510,300,4,Male,No,Condo,Salaried,South,Yes
685,28,209,13800,810,5380,6,Male,No,Condo,Hourly,West,Yes
686,32,199,53100,11460,920,7,Male,No,Apt,Salaried,East,Yes
687,25,168,22600,2160,1160,4,Female,No,Home,Salaried,East,Yes
688,43,167,19700,380,760,3,Male,No,Home,Hourly,East,No
689,33,173,62300,9740,560,2,Male,No,Home,Salaried,South,Yes
690,43,228,16700,2640,2640,9,Female,Yes,Home,Salaried,West,Yes
691,31,206,36800,7790,5530,5,Female,No,Apt,Salaried,West,Yes
692,45,208,25100,3290,0,1,Male,No,Home,Hourly,East,No
693,55,195,12000,2240,1860,3,Female,No,Condo,Hourly,East,No
694,50,210,63700,3860,760,3,Female,Yes,Apt,Salaried,East,No
695,36,172,21300,3130,2210,9,Female,No,Home,Salaried,West,Yes
696,41,218,101500,6720,0,1,Female,No,Apt,Hourly,East,No
697,31,236,40800,5220,780,8,Male,Yes,Apt,Hourly,South,Yes
698,42,176,59000,5890,290,3,Male,No,Home,Salaried,West,Yes
699,27,146,20300,2000,1690,6,Female,No,Home,Salaried,South,Yes
700,37,175,4400,520,2310,7,Male,No,Home,Salaried,West,Yes
701,44,162,45200,3600,130,2,Male,No,Home,Salaried,East,No
702,50,191,65300,6500,510,4,Female,No,Condo,Salaried,East,No
703,29,193,37400,3660,520,3,Female,No,Home,Hourly,South,No
704,49,211,63400,5800,730,4,Female,No,Home,Hourly,West,No
705,53,165,49300,6090,820,0,Male,No,Home,Salaried,South,No
706,25,236,27200,4810,1420,5,Male,No,Apt,Salaried,South,Yes
707,56,244,69900,22030,690,9,Female,No,Home,Salaried,East,Yes
708,39,221,16700,2750,0,2,Male,No,Home,Hourly,East,No
709,36,170,39600,3690,2310,3,Female,No,Condo,Salaried,West,Yes
710,28,183,113700,2340,2430,6,Male,No,Home,Salaried,South,Yes
711,32,237,31400,3000,1120,3,Female,No,Home,Hourly,South,No
712,29,202,73900,2200,740,6,Female,No,Home,Salaried,East,Yes
713,45,244,77500,13760,0,1,Female,No,Condo,Hourly,West,No
714,44,218,12900,4470,1020,2,Female,No,Home,Salaried,East,No
715,23,201,31700,8560,700,8,Male,No,Home,Salaried,South,Yes
716,24,192,70400,7440,470,5,Male,No,Condo,Salaried,West,Yes
717,34,177,50500,3180,100,3,Female,No,Condo,Hourly,West,No
718,26,206,52200,8150,1620,6,Male,No,Home,Salaried,West,Yes
719,52,158,16900,1610,2160,7,Male,No,Home,Hourly,West,Yes
720,39,180,14900,1470,330,5,Female,No,Home,Hourly,West,Yes
721,29,159,69500,8790,4500,6,Male,No,Apt,Hourly,West,Yes
722,26,203,41700,5860,3830,6,Female,No,Apt,Salaried,West,Yes
723,53,184,22800,3560,1210,1,Female,No,Condo,Salaried,South,No
724,29,177,27900,1660,940,5,Male,Yes,Apt,Hourly,West,Yes
725,37,199,25300,4890,0,2,Male,No,Condo,Salaried,South,No
726,31,198,23300,3640,1520,3,Male,No,Home,Salaried,East,Yes
727,40,147,141100,11670,220,2,Female,No,Condo,Salaried,West,No
728,42,157,79700,4310,1030,5,Female,No,Home,Salaried,West,Yes
729,40,182,26800,2050,650,3,Female,No,Home,Hourly,South,No
730,35,207,46900,2700,850,3,Female,No,Home,Hourly,East,No
731,37,199,77600,4590,1690,4,Male,No,Apt,Salaried,West,Yes
732,39,205,48900,3750,0,1,Male,No,Apt,Salaried,West,Yes
733,51,212,19500,4120,590,5,Male,No,Home,Hourly,East,No
734,50,190,25800,5320,2380,5,Male,Yes,Apt,Salaried,South,Yes
735,37,224,90700,4280,8080,8,Male,No,Home,Hourly,South,Yes
736,25,197,57400,5050,3770,8,Male,No,Condo,Salaried,East,Yes
737,35,216,29600,2530,3970,7,Male,No,Home,Salaried,West,Yes
738,38,215,68900,5070,1710,4,Male,No,Home,Salaried,West,No
739,62,189,11200,1500,480,3,Female,No,Home,Hourly,East,No
740,25,200,41700,1940,840,7,Male,No,Home,Hourly,East,Yes
741,32,206,59000,5890,500,4,Male,Yes,Apt,Hourly,East,No
742,33,179,28000,720,1300,3,Female,Yes,Apt,Hourly,South,Yes
743,38,184,37500,1920,900,3,Female,No,Condo,Hourly,South,No
744,50,159,39700,1870,2160,5,Female,No,Home,Hourly,East,No
745,51,207,43700,990,1060,5,Female,No,Home,Hourly,West,Yes
746,30,207,47200,8660,350,3,Female,No,Home,Hourly,East,Yes
747,26,185,39500,5780,4980,17,Female,No,Home,Salaried,West,Yes
748,35,229,16800,3200,620,4,Female,No,Home,Salaried,East,Yes
749,36,213,33700,3010,3110,5,Female,No,Condo,Hourly,East,Yes
750,50,231,44400,30710,2580,5,Female,No,Condo,Salaried,West,Yes
751,62,154,40500,5020,1180,2,Male,No,Home,Hourly,East,No
752,44,206,48300,13400,770,5,Female,No,Condo,Salaried,West,Yes
753,52,156,33700,2210,470,5,Female,Yes,Home,Hourly,East,Yes
754,43,185,38800,4660,1110,3,Male,Yes,Condo,Hourly,West,No
755,52,190,35700,3690,530,3,Female,No,Condo,Hourly,West,Yes
756,45,187,55900,3400,1910,10,Male,No,Home,Salaried,East,Yes
757,57,208,25200,6990,220,2,Male,Yes,Condo,Hourly,South,No
758,38,180,65600,11610,1520,2,Male,No,Condo,Salaried,West,No
759,30,206,84200,4760,3730,7,Male,Yes,Condo,Salaried,West,Yes
760,43,182,48600,2720,840,2,Male,No,Condo,Hourly,South,No
761,38,144,34600,16540,180,2,Male,No,Home,Salaried,South,Yes
762,25,221,4400,1030,1510,11,Male,No,Condo,Salaried,West,Yes
763,36,183,43900,8610,540,4,Female,Yes,Apt,Salaried,West,Yes
764,26,205,57400,9550,1170,6,Male,No,Apt,Salaried,West,Yes
765,38,168,23300,550,3460,4,Male,No,Home,Hourly,West,Yes
766,34,174,19200,3540,2560,8,Male,No,Condo,Salaried,South,Yes
767,57,226,39400,2760,600,2,Female,No,Home,Hourly,West,Yes
768,35,155,75200,8390,960,11,Male,No,Condo,Salaried,South,Yes
769,25,204,41500,5960,1240,6,Male,No,Home,Hourly,West,Yes
770,33,208,37300,1980,1570,8,Male,No,Home,Hourly,West,Yes
771,30,164,75300,17700,3650,4,Male,No,Apt,Salaried,South,No
772,44,164,29200,1090,1020,2,Male,No,Apt,Hourly,East,No
773,42,182,12900,2320,480,3,Male,No,Condo,Hourly,East,No
774,31,188,88200,3800,370,2,Male,No,Home,Salaried,South,No
775,47,168,24300,2730,200,3,Male,No,Condo,Salaried,South,No
776,55,191,62000,9630,440,6,Male,No,Apt,Salaried,East,Yes
777,28,210,40100,5420,960,7,Male,No,Condo,Hourly,West,Yes
778,46,190,132000,9940,370,3,Female,No,Home,Salaried,East,No
779,33,234,37200,2090,440,3,Female,No,Home,Hourly,East,No
780,40,234,52600,3090,4290,9,Female,Yes,Apt,Salaried,West,Yes
781,47,203,35100,4320,1800,5,Male,No,Apt,Hourly,East,No
782,49,190,38300,440,0,3,Male,No,Home,Hourly,East,No
783,34,195,35600,2450,770,4,Male,No,Home,Hourly,West,No
784,38,159,54600,10960,780,6,Female,No,Home,Salaried,West,Yes
785,57,207,38500,2760,2240,4,Male,No,Condo,Hourly,South,No
786,29,214,108000,9320,0,1,Female,No,Home,Salaried,West,Yes
787,36,208,50100,15690,1390,7,Male,No,Home,Salaried,South,Yes
788,34,182,61100,8220,1360,8,Male,No,Home,Salaried,West,Yes
789,43,176,72000,3300,3150,5,Male,No,Home,Hourly,West,Yes
790,34,158,6800,520,620,4,Male,No,Home,Hourly,South,No
791,36,177,26800,2270,740,1,Female,No,Home,Hourly,West,No
792,47,174,57000,3160,420,4,Male,No,Home,Hourly,West,No
793,28,172,21600,1930,280,4,Female,No,Home,Hourly,South,Yes
794,33,167,42100,1000,2370,5,Female,No,Home,Hourly,West,Yes
795,35,166,57900,20630,3470,4,Female,Yes,Home,Salaried,West,Yes
796,51,189,74000,3600,1870,6,Male,No,Home,Salaried,West,Yes
797,58,182,47400,1890,1620,4,Female,Yes,Home,Hourly,South,No
798,28,165,77200,10310,2640,10,Male,No,Home,Salaried,West,Yes
799,24,205,136700,5390,3210,9,Female,No,Condo,Hourly,West,Yes
800,36,218,118700,18540,3090,7,Female,No,Condo,Salaried,South,Yes
801,32,224,22900,1960,6290,6,Male,No,Home,Hourly,West,Yes
802,31,192,30200,1720,0,2,Male,No,Home,Hourly,South,No
803,58,188,53100,10540,220,0,Male,No,Condo,Salaried,East,No
804,56,218,9500,1470,500,3,Male,No,Home,Hourly,East,No
805,25,207,50500,12020,2340,8,Female,No,Home,Salaried,South,Yes
806,48,163,36800,3250,2540,6,Female,Yes,Apt,Hourly,East,Yes
807,59,164,5800,430,820,4,Female,Yes,Apt,Hourly,East,No
808,32,236,41100,7400,240,3,Female,Yes,Home,Salaried,West,Yes
809,34,182,31800,17860,1140,11,Male,No,Home,Salaried,East,Yes
810,27,160,62000,5430,460,5,Female,No,Apt,Salaried,South,Yes
811,31,153,63800,2020,460,5,Female,No,Apt,Hourly,West,Yes
812,23,238,114200,7120,3330,6,Male,No,Home,Salaried,West,Yes
813,47,235,69700,2000,6000,7,Female,No,Condo,Salaried,West,Yes
814,40,233,14200,1200,740,2,Female,No,Apt,Hourly,West,No
815,55,189,21700,1610,3050,9,Male,Yes,Condo,Salaried,West,Yes
816,23,205,131400,2570,810,6,Male,No,Condo,Salaried,South,Yes
817,32,222,66800,10430,2460,8,Male,No,Home,Salaried,West,Yes
818,46,151,26900,1760,6970,10,Female,No,Apt,Hourly,East,Yes
819,27,164,118900,25510,3220,10,Female,No,Apt,Salaried,South,Yes
820,24,199,30200,870,1620,7,Female,No,Apt,Hourly,East,Yes
821,42,193,45800,14620,900,3,Female,No,Home,Salaried,South,No
822,43,171,63100,1880,910,3,Male,No,Home,Hourly,East,No
823,36,243,82400,9770,670,7,Female,No,Condo,Salaried,South,Yes
824,27,189,30000,1270,1170,6,Female,No,Home,Salaried,West,Yes
825,29,195,34800,600,1500,8,Female,No,Home,Hourly,South,Yes
826,40,183,54600,10780,300,2,Female,Yes,Apt,Salaried,East,No
827,49,185,26800,9100,950,1,Female,No,Home,Salaried,South,No
828,47,186,26300,2330,8960,6,Female,No,Home,Hourly,West,Yes
829,64,175,19500,2050,0,2,Male,No,Home,Hourly,South,No
830,31,180,15500,2000,2420,5,Female,No,Home,Hourly,West,Yes
831,30,176,44000,3660,960,5,Male,No,Home,Salaried,West,Yes
832,35,203,35200,9080,410,6,Female,No,Home,Salaried,West,Yes
833,60,196,29300,510,1890,5,Female,Yes,Apt,Hourly,West,No
834,27,183,32500,1380,310,0,Female,No,Home,Hourly,East,No
835,37,192,80800,5760,1200,2,Male,No,Home,Salaried,South,Yes
836,36,215,50100,1790,1640,7,Male,No,Home,Hourly,West,Yes
837,54,176,66700,3300,950,4,Male,No,Home,Hourly,West,No
838,31,213,28600,2110,480,3,Female,No,Condo,Salaried,South,Yes
839,33,149,61900,6380,600,2,Male,No,Home,Salaried,East,No
840,55,199,15000,1210,1540,1,Female,Yes,Apt,Salaried,East,No
841,37,205,26600,2820,520,3,Female,No,Home,Hourly,South,No
842,41,218,48400,4670,210,4,Female,No,Condo,Salaried,West,Yes
843,56,201,66800,5570,2470,2,Male,No,Condo,Hourly,South,No
844,44,206,63600,4660,200,6,Female,Yes,Apt,Hourly,South,Yes
845,35,170,94700,6850,1690,6,Female,No,Condo,Salaried,West,Yes
846,47,184,41200,10730,2170,9,Female,Yes,Home,Salaried,East,Yes
847,42,171,50700,880,840,4,Male,No,Home,Hourly,South,No
848,24,197,58100,5150,1360,8,Female,No,Home,Hourly,West,Yes
849,27,174,28800,3080,4550,11,Male,No,Apt,Hourly,West,Yes
850,44,177,10500,850,900,10,Female,No,Home,Hourly,West,Yes
851,50,183,51300,3440,230,3,Female,Yes,Condo,Hourly,East,No
852,50,245,101300,3270,970,2,Female,No,Apt,Salaried,South,No
853,36,227,25300,3690,5170,8,Female,No,Condo,Salaried,West,Yes
854,32,192,50400,6930,1150,5,Male,No,Condo,Salaried,East,Yes
855,41,166,9000,1170,700,5,Male,No,Apt,Salaried,West,Yes
856,61,180,35300,1710,1540,3,Female,No,Home,Hourly,South,No
